Date,Open,High,Low,Close
2021-05-09,,,,
2021-05-10,9747.645599035151,9927.70695058997,9747.645599035151,9898.5078125
2021-05-11,9703.845366853899,9742.777544855318,9226.926186336506,9254.1787109375
2021-05-12,9343.723447712418,9355.40310202206,8866.804230068763,8934.935546875
2021-05-13,8574.814207456153,8657.54510503093,8156.293196195524,8240.970703125
2021-05-14,8240.969245495537,8531.01398804398,8239.99594099034,8300.3408203125
2021-05-15,,,,
2021-05-16,,,,
2021-05-17,8446.336888000757,8448.28349710147,8097.893858972839,8205.9306640625
2021-05-18,8243.89107810151,8464.831252213557,8234.158030783798,8416.166015625
2021-05-19,8205.930770481295,8320.780708912891,8108.600314183331,8243.8896484375
2021-05-20,8280.875303768382,8376.259151884191,8181.598237362133,8273.0888671875
2021-05-21,8417.1366337816,8466.77515925834,8258.488013140248,8277.9541015625
2021-05-22,,,,
2021-05-23,,,,
2021-05-24,8175.759710425436,8234.157994071333,8063.829666770803,8093.02880859375
2021-05-25,8161.158296283923,8218.58326223273,8104.706634842722,8136.82568359375
2021-05-26,8046.308938273318,8118.333476973236,7988.883968228789,8053.1220703125
2021-05-27,8032.683000293982,8058.962224940527,7875.98095703125,7875.98095703125
2021-05-28,8029.763545089525,8175.759245909335,7954.819085335356,8164.07958984375
2021-05-29,,,,
2021-05-30,,,,
2021-05-31,8112.493600179982,8175.758397301962,8001.536879073742,8035.6025390625
2021-06-01,8058.962745133698,8066.74918256861,7912.967043229102,7944.11279296875
2021-06-02,7883.767114230716,7981.097572431096,7769.890478136273,7892.52685546875
2021-06-03,7945.085569682874,8098.867698803283,7927.5660866185235,7988.88427734375
2021-06-04,7912.965906011826,7933.4053013410075,7845.807892787371,7885.71337890625
2021-06-05,,,,
2021-06-06,,,,
2021-06-07,7981.0978560422545,8019.056736089285,7909.073314414556,7935.3525390625
2021-06-08,7889.607188786009,7892.527102623457,7782.543681412894,7804.9296875
2021-06-09,7773.78311687589,7883.766526442308,7768.9165943287035,7857.4873046875
2021-06-10,7875.008120186577,7906.153869765859,7790.330613517905,7807.85009765625
2021-06-11,7803.956494995117,7883.767474365234,7734.851866516113,7786.43701171875
2021-06-12,,,,
2021-06-13,,,,
2021-06-14,7868.193933481256,7875.980369833043,7777.676610891726,7840.94140625
2021-06-15,7853.594163417934,7864.300513126399,7771.836583826027,7827.31494140625
2021-06-16,7791.303558825911,7804.929823638348,7755.291287535897,7795.19677734375
2021-06-17,7767.94411087181,7795.19664001658,7591.775976043117,7686.1865234375
2021-06-18,7723.172422306313,7729.985554877975,7592.749598791625,7624.86865234375
2021-06-19,,,,
2021-06-20,,,,
2021-06-21,7368.889127858244,7454.539932672869,7261.825621839963,7357.20947265625
2021-06-22,7543.110711021691,7543.110711021691,7400.034933664248,7496.39208984375
2021-06-23,7562.577094198142,7589.829624267324,7417.554702044277,7482.76611328125
2021-06-24,7494.445263560083,7815.635774855516,7479.845694864836,7652.12060546875
2021-06-25,7783.517404754682,7786.437318749212,7611.242479077355,7719.279296875
2021-06-26,,,,
2021-06-27,,,,
2021-06-28,7776.7032716384065,7778.649880717665,7684.23934037362,7713.4384765625
2021-06-29,7628.761824780384,7645.308003782841,7528.511446118431,7547.9775390625
2021-06-30,7564.523933631431,7708.573025522508,7528.511660658662,7567.44384765625
2021-07-01,7566.471069051539,7566.471069051539,7450.647804680928,7519.75244140625
2021-07-02,7528.5111118986615,7635.574618338073,7495.4187553628435,7603.45556640625
2021-07-03,,,,
2021-07-04,,,,
2021-07-05,7433.127773313299,7449.673952722273,7141.136371978483,7193.69482421875
2021-07-06,7221.919558198678,7342.609319009545,7217.053035585336,7265.71826171875
2021-07-07,7144.056197558633,7273.505717214669,7100.257487900577,7220.947265625
2021-07-08,7263.771579252413,7286.15758304751,7182.9873046875,7182.9873046875
2021-07-09,7060.351595953964,7145.029096484429,6938.688520479157,7131.40283203125
2021-07-10,,,,
2021-07-11,,,,
2021-07-12,7260.852427677388,7348.449843024702,7236.519812303133,7338.716796875
2021-07-13,7440.913710118902,7526.564515415234,7409.767962738417,7431.1806640625
2021-07-14,7434.101042716734,7492.499322706653,7407.82181672127,7422.42138671875
2021-07-15,7445.779792415011,7447.726401511067,7320.223505719385,7332.87646484375
2021-07-16,7268.638544468905,7330.930037083528,7239.4394073058,7281.29150390625
2021-07-17,,,,
2021-07-18,,,,
2021-07-19,7106.096952425365,7190.774453433583,7073.977900318799,7146.00244140625
2021-07-20,7009.73965089681,7109.990023576951,7000.006605005535,7034.072265625
2021-07-21,7168.3882270353815,7198.560668995748,7028.232367606584,7067.16455078125
2021-07-22,,,,
2021-07-23,,,,
2021-07-24,,,,
2021-07-25,,,,
2021-07-26,7046.725057939594,7090.523763410212,6888.076413679351,6916.30224609375
2021-07-27,6815.079005118687,6929.928951220372,6754.734118183903,6898.783203125
2021-07-28,6715.801664427354,6752.787238811156,6526.9805741521495,6564.939453125
2021-07-29,6718.721508789063,6833.5714491102435,6669.082975260417,6832.59814453125
2021-07-30,6780.039191479953,6819.94467624175,6637.9367335477,6654.48291015625
2021-07-31,,,,
2021-08-01,,,,
2021-08-02,6667.136851866606,6801.452893553846,6657.40380536753,6776.14697265625
2021-08-03,6752.787525802389,6839.411637909107,6687.576115564747,6726.50830078125
2021-08-04,6629.176992990233,6720.66761659045,6590.244812734821,6654.48291015625
2021-08-05,6631.124262933657,6672.003056276268,6574.672595936716,6599.978515625
2021-08-06,6631.124560763247,6665.190223412112,6555.206798288636,6589.2724609375
2021-08-07,,,,
2021-08-08,,,,
2021-08-09,,,,
2021-08-10,6636.963899782472,6724.561311570186,6590.245280162358,6648.6435546875
2021-08-11,6730.401306288765,6775.17331787073,6468.582368994235,6531.84716796875
2021-08-12,6578.565632881185,6599.005028988672,6474.422043190656,6476.36865234375
2021-08-13,6488.047961750836,6501.674225096848,6407.263686199483,6469.55517578125
2021-08-14,,,,
2021-08-15,,,,
2021-08-16,6404.344527647002,6415.050878681062,6289.494580190719,6331.3466796875
2021-08-17,6360.546081105509,6375.1456512993245,6246.66943359375,6246.66943359375
2021-08-18,6166.857615798021,6374.171484510927,6142.525002099323,6293.38720703125
2021-08-19,6248.615948358175,6335.240063530119,6211.63037109375,6211.63037109375
2021-08-20,6157.125023334637,6199.950426595264,5965.3840132813775,5987.77001953125
2021-08-21,,,,
2021-08-22,,,,
2021-08-23,5976.090678786354,6053.955052451323,5835.934806189411,5923.5322265625
2021-08-24,6020.86293765931,6140.579417021109,5985.823968090002,6014.0498046875
2021-08-25,6208.709667088539,6247.64184872885,5986.796231738768,6047.14111328125
2021-08-26,6054.927533068134,6109.432587215669,6006.262306150692,6041.30126953125
2021-08-27,6032.542272943294,6032.542272943294,5972.197384120693,6015.99609375
2021-08-28,,,,
2021-08-29,,,,
2021-08-30,6067.5809983351455,6085.100481487219,5962.464099422698,5987.77001953125
2021-08-31,5961.491032877972,6092.887161765895,5874.866918277787,6015.99609375
2021-09-01,6067.580974409151,6146.41864828261,5981.930168225641,6038.3818359375
2021-09-02,6098.726599602715,6116.24608233378,5972.1970021005845,5994.5830078125
2021-09-03,5942.997652469758,6109.432732484879,5913.798515625,6034.48828125
2021-09-04,,,,
2021-09-05,,,,
2021-09-06,6100.673316356803,6180.484294649921,6038.381821103639,6151.28515625
2021-09-07,6268.081144002953,6762.5198429398315,6219.415917729638,6757.6533203125
2021-09-08,7036.992443570415,7474.9795251204405,6871.530657207072,7071.05810546875
2021-09-09,6792.691979235197,7016.552010074013,6772.252585115131,6934.79443359375
2021-09-10,6962.048083290348,7147.949269353322,6892.943453916153,6987.35400390625
2021-09-11,,,,
2021-09-12,,,,
2021-09-13,6975.674236360143,7024.339467533299,6811.185754994877,6887.103515625
2021-09-14,6922.142223339192,6965.940929757958,6819.945241695405,6853.03759765625
2021-09-15,6754.7345557685785,6759.601079223743,6428.6774842725445,6456.9033203125
2021-09-16,6414.077508938637,6539.633806154583,6230.122933947832,6367.35888671875
2021-09-17,6316.747513218266,6516.274977041032,6258.349231123799,6483.1826171875
2021-09-18,,,,
2021-09-19,,,,
2021-09-20,,,,
2021-09-21,6093.8602079095235,6209.683457349108,6076.340724801015,6160.044921875
2021-09-22,6134.738361052828,6416.02336602574,6132.791752021873,6276.8408203125
2021-09-23,,,,
2021-09-24,6471.501566007196,6500.7007007613265,6391.690597679239,6450.0888671875
2021-09-25,,,,
2021-09-26,,,,
2021-09-27,6465.662220314505,6579.538854331786,6425.756733180245,6447.16943359375
2021-09-28,6450.089450288332,6612.6313151137665,6444.249622809574,6600.95166015625
2021-09-29,6534.551921620156,6552.128421110467,6437.8811744234445,6525.763671875
2021-09-30,6540.409975405092,6551.151168258102,6327.5390625,6327.5390625
2021-10-01,6268.951406140615,6402.728095025547,6203.527769970612,6276.76318359375
2021-10-02,,,,
2021-10-03,,,,
2021-10-04,6299.222061132875,6311.916199529205,6066.821681261596,6118.57470703125
2021-10-05,5978.939081992363,6052.174494559638,5770.950510301301,5885.19775390625
2021-10-06,5956.480159003304,5959.409575474945,5749.468061674009,5763.138671875
2021-10-07,5820.750380430929,5918.397593657416,5768.020885288625,5809.03271484375
2021-10-08,5982.844890014609,6147.868684108369,5925.233032904953,5974.056640625
2021-10-09,,,,
2021-10-10,,,,
2021-10-11,5983.821426657964,6323.633740051726,5957.456678205,6265.04541015625
2021-10-12,6171.30424203402,6218.174907163392,6045.339329498832,6113.6923828125
2021-10-13,6072.6803586699325,6132.245160387068,6005.303779678418,6048.2685546875
2021-10-14,6102.951352442219,6145.916129963412,6051.1983249735085,6104.904296875
2021-10-15,6156.656847736983,6209.386343340123,6094.162630725855,6142.009765625
2021-10-16,,,,
2021-10-17,,,,
2021-10-18,6199.621809342688,6227.939502281881,6055.103928135771,6091.2333984375
2021-10-19,6065.8452796289275,6313.869217334296,6064.868807433237,6277.73974609375
2021-10-20,6442.762749873129,6560.915870930214,6369.527344259232,6554.08056640625
2021-10-21,6554.0802890648765,6597.045058540272,6405.656539968056,6419.3271484375
2021-10-22,6463.268717497163,6561.892397881998,6388.080367104766,6454.48046875
2021-10-23,,,,
2021-10-24,,,,
2021-10-25,6347.068890544269,6362.692444736378,6171.303905883044,6236.7275390625
2021-10-26,6371.480650916466,6449.598421349159,6331.445293569712,6347.06884765625
2021-10-27,6289.4577270954815,6297.269505051819,6106.8574173661145,6133.22216796875
2021-10-28,6083.420969378886,6214.268226184146,5956.479600836469,5968.197265625
2021-10-29,5955.503433574105,6077.562448034962,5927.185742219186,6018.97412109375
2021-10-30,,,,
2021-10-31,,,,
2021-11-01,6121.504439355299,6218.1751905909305,6108.810300304155,6180.0927734375
2021-11-02,6208.409778520078,6285.5510764916235,6155.680283704085,6167.39794921875
2021-11-03,,,,
2021-11-04,6283.598173922176,6287.504062452975,6083.42138671875,6083.42138671875
2021-11-05,6100.020977455861,6160.562245360817,5966.244304827166,6062.9150390625
2021-11-06,,,,
2021-11-07,,,,
2021-11-08,6075.609229965965,6089.279838969424,5978.9384948700745,6016.04443359375
2021-11-09,6640.010488579612,6766.951865567164,6517.951472245428,6647.822265625
2021-11-10,6621.4575133476455,6643.9163723370275,6308.9864317562515,6399.79833984375
2021-11-11,6361.716114744265,6529.669326062149,6293.363063626522,6517.95166015625
2021-11-12,6563.845766878971,6739.610753198253,6549.198684685697,6685.90478515625
2021-11-13,,,,
2021-11-14,,,,
2021-11-15,6825.540454101562,6863.622868652344,6733.7520703125,6835.30517578125
2021-11-16,6796.246243673556,6979.823010025658,6750.35205208553,6945.646484375
2021-11-17,7001.305159623878,7047.199349652096,6945.646248313061,6964.19921875
2021-11-18,6893.89272126843,6918.304522689352,6709.339502526258,6821.6337890625
2021-11-19,6665.398707422103,6771.834168762421,6644.89279285195,6694.69287109375
2021-11-20,,,,
2021-11-21,,,,
2021-11-22,6638.057345347543,6709.339808750069,6602.9043496969825,6661.49267578125
2021-11-23,,,,
2021-11-24,6573.610265987436,6596.06912459078,6440.81005859375,6440.81005859375
2021-11-25,6486.704784118753,6571.6578649885905,6477.916534373598,6525.763671875
2021-11-26,6474.010044444692,6477.915932857629,6172.280164545233,6186.92724609375
2021-11-27,,,,
2021-11-28,,,,
2021-11-29,6054.126700175178,6225.985780696279,6026.785482819548,6061.9384765625
2021-11-30,6151.77442863806,6186.927425373135,5858.832789179105,5888.126953125
2021-12-01,5866.644039327331,5907.655865168168,5670.373158517611,5761.18505859375
2021-12-02,5633.267340830254,5671.349751350688,5408.67876596616,5467.26708984375
2021-12-03,5438.950178623628,5504.3738163198195,5295.408764573776,5428.208984375
2021-12-04,,,,
2021-12-05,,,,
2021-12-06,5078.631772976681,5162.608379874584,4938.0197800313545,4982.9375
2021-12-07,5175.302480837532,5436.997021377995,5141.1259550206805,5378.40869140625
2021-12-08,5487.773186825846,5513.161461355646,5239.749274111653,5363.76123046875
2021-12-09,5335.443894540398,5478.008830229069,5331.538005891393,5420.39697265625
2021-12-10,5360.832119561832,5431.138114572478,5312.008511915549,5388.17333984375
2021-12-11,,,,
2021-12-12,,,,
2021-12-13,5437.973813365251,5482.891535651981,5399.891396643892,5439.9267578125
2021-12-14,5414.538941181298,5472.150807282234,5353.021185853178,5392.080078125
2021-12-15,5438.949830404805,5558.079431717082,5425.27922041815,5487.7734375
2021-12-16,5492.654949474183,5524.8785251777645,5409.654830237684,5510.2314453125
2021-12-17,5419.420030381944,5446.761248553241,5347.161096643518,5352.04345703125
2021-12-18,,,,
2021-12-19,,,,
2021-12-20,5326.655995260456,5387.197273300079,5208.5028558605445,5218.267578125
2021-12-21,5273.925961994493,5308.102486465852,5211.431745818295,5275.87890625
2021-12-22,5341.302833118332,5394.032330922426,5254.396808959735,5263.18505859375
2021-12-23,5287.595829368849,5302.242909228597,5214.360430070112,5283.68994140625
2021-12-24,5291.502242880299,5303.219907931888,5241.7021664110425,5252.443359375
2021-12-25,,,,
2021-12-26,,,,
2021-12-27,5145.032198032657,5191.902865238117,5097.18505859375,5097.18505859375
2021-12-28,5131.361598917721,5187.020516356029,5111.832154202525,5134.291015625
2021-12-29,5135.267064226306,5300.290858456054,5132.337647760689,5229.98486328125
2021-12-30,5209.479155135058,5325.679346224294,5163.58496201578,5306.14990234375
2021-12-31,,,,
2022-01-01,,,,
2022-01-02,,,,
2022-01-03,,,,
2022-01-04,5441.878980088956,5442.8554521829965,5292.4787497007255,5353.02001953125
2022-01-05,5312.008936808118,5385.244354135436,5268.067686411728,5292.4794921875
2022-01-06,5265.138331568783,5287.59719314632,5176.279357501134,5245.60888671875
2022-01-07,5312.008334851521,5468.243874111859,5290.525948203224,5359.85546875
2022-01-08,,,,
2022-01-09,,,,
2022-01-10,,,,
2022-01-11,5297.360819346869,5312.007899953358,5205.572447546205,5233.89013671875
2022-01-12,5349.114703219855,5612.762196806814,5341.302925632093,5549.29150390625
2022-01-13,5515.115156474578,5551.244628993975,5427.232655751718,5435.04443359375
2022-01-14,5341.302732065502,5369.620424794916,5277.832041465089,5367.66748046875
2022-01-15,,,,
2022-01-16,,,,
2022-01-17,5370.596948109743,5446.761777555663,5312.008617766727,5399.89111328125
2022-01-18,5409.655800724514,5542.456015327138,5368.643969744292,5378.40869140625
2022-01-19,5313.961646103277,5363.761727681974,5255.373314834223,5284.66748046875
2022-01-20,5227.055276317538,5401.843786398023,5192.878752000124,5396.96142578125
2022-01-21,5303.219906853699,5372.549425061509,5261.231607094041,5357.90234375
2022-01-22,,,,
2022-01-23,,,,
2022-01-24,5265.137769899627,5287.596629081319,5172.3729167578485,5229.00830078125
2022-01-25,5175.302880791945,5187.997019933511,4890.17298622756,4949.73779296875
2022-01-26,4852.09013675663,5135.267061622684,4827.678332888867,5034.6904296875
2022-01-27,5000.513449900595,5048.360581133778,4542.548050954417,4581.60693359375
2022-01-28,4638.243317827815,4760.302352507495,4476.148919773201,4682.1845703125
2022-01-29,,,,
2022-01-30,,,,
2022-01-31,4599.183927196106,4998.561045290206,4582.58390028266,4893.10205078125
2022-02-01,5012.231338925585,5095.231468247361,4903.8429347524425,4947.7841796875
2022-02-02,5003.4429966142325,5096.207845302436,4986.842971059502,5078.63134765625
2022-02-03,4970.243370841855,5128.431863194778,4966.337482141783,5072.77294921875
2022-02-04,5028.831949588847,5110.855616339422,4971.2200884188005,5091.326171875
2022-02-05,,,,
2022-02-06,,,,
2022-02-07,5113.784624160339,5364.737965464369,5098.161069837909,5224.1259765625
2022-02-08,5237.797138756601,5278.808973176396,5139.173441699477,5177.255859375
2022-02-09,5224.125735554114,5495.584979382907,5185.066851549971,5479.96142578125
2022-02-10,5577.608695342422,5603.973442326709,5278.808229520507,5353.99658203125
2022-02-11,,,,
2022-02-12,,,,
2022-02-13,,,,
2022-02-14,5158.702747388418,5204.596941809629,5113.785025188936,5144.0556640625
2022-02-15,5106.9495523488995,5152.843745266758,5021.996471841375,5036.6435546875
2022-02-16,5174.326344209559,5184.091066504727,5103.043871454832,5112.80859375
2022-02-17,5108.901706322064,5110.854650399404,4965.360316637556,4996.607421875
2022-02-18,4884.314274163894,5076.679310551396,4870.643662440924,5062.0322265625
2022-02-19,,,,
2022-02-20,,,,
2022-02-21,4964.384790606831,5071.796735328852,4933.137679414971,5038.5966796875
2022-02-22,4942.902349244822,5062.031959400466,4912.6317105987155,5032.73779296875
2022-02-23,,,,
2022-02-24,4979.031776310651,5004.420053656028,4651.913587437526,4689.01953125
2022-02-25,4834.514068453004,4987.820210393445,4827.678762761392,4949.73779296875
2022-02-26,,,,
2022-02-27,,,,
2022-02-28,4878.454534679878,5017.1135706935975,4844.27801171875,5004.41943359375
2022-03-01,5068.867469624277,5200.691223891138,5061.055691593649,5108.90283203125
2022-03-02,5058.125930942603,5173.349649060601,5050.314153443078,5142.1025390625
2022-03-03,5173.349655092815,5174.326127281394,5072.773019669153,5089.373046875
2022-03-04,4992.702775834142,5023.949888845425,4807.173042329646,4846.23193359375
2022-03-05,,,,
2022-03-06,,,,
2022-03-07,4692.9256356058795,4731.008053372969,4560.125409546287,4596.2548828125
2022-03-08,4521.066486356937,4602.113682548649,4354.089732757146,4368.73681640625
2022-03-09,4381.430456995861,4716.360398326278,4381.430456995861,4526.9248046875
2022-03-10,4726.124946881538,4729.054363170927,4639.218930296319,4667.53662109375
2022-03-11,4513.254539065985,4558.172260571186,4319.913042152298,4377.52490234375
2022-03-12,,,,
2022-03-13,,,,
2022-03-14,4294.524232794944,4458.571543188203,4286.712456109551,4345.30078125
2022-03-15,4228.124499697758,4284.759885605949,4110.947839198051,4164.65380859375
2022-03-16,4216.406828287509,4440.995427293096,4131.453749533221,4412.677734375
2022-03-17,4754.44309763176,4847.207955769984,4634.337018147531,4672.41943359375
2022-03-18,4655.819195978634,4855.019513927384,4589.419089995717,4844.2783203125
2022-03-19,,,,
2022-03-20,,,,
2022-03-21,,,,
2022-03-22,4839.395758133901,4949.737106130093,4792.525097038173,4937.04296875
2022-03-23,5132.337660400526,5395.008670797737,5124.525883139642,5293.45556640625
2022-03-24,5195.808467194747,5394.032319636118,5194.831995015233,5368.64404296875
2022-03-25,5384.2672201846535,5394.031941294891,5216.314017088578,5274.90234375
2022-03-26,,,,
2022-03-27,,,,
2022-03-28,5266.1140947507865,5293.45531385945,5155.772746205109,5274.90234375
2022-03-29,5358.879374659339,5424.303011339764,5305.173404250034,5374.5029296875
2022-03-30,5449.99298806624,5522.541914332996,5422.5420429923315,5521.5615234375
2022-03-31,5485.287237440131,5637.247831149375,5433.326518300842,5449.9931640625
2022-04-01,5334.307048109621,5499.012724287239,5281.3659379096725,5468.62060546875
2022-04-02,,,,
2022-04-03,,,,
2022-04-04,5539.20874804181,5680.385041797213,5529.404838753241,5671.5615234375
2022-04-05,5783.325636131101,5866.658858553739,5719.6002307490835,5819.60009765625
2022-04-06,5696.070534422939,5732.344993936476,5614.698098216897,5655.87451171875
2022-04-07,5490.188776750973,5558.81613646036,5481.365259074052,5543.1298828125
2022-04-08,5590.187970839565,5629.403600238651,5514.697884246327,5571.560546875
2022-04-09,,,,
2022-04-10,,,,
2022-04-11,5543.130490824198,5616.659812863783,5412.738493074,5421.56201171875
2022-04-12,5373.522538784602,5449.993029210656,5320.581430028104,5374.5029296875
2022-04-13,5391.168872751391,5527.443190502336,5358.815977170232,5482.34521484375
2022-04-14,5580.384845960062,5660.7768975005965,5560.777028511151,5649.01220703125
2022-04-15,5512.737314037931,5610.776391292741,5475.482464681104,5580.38427734375
2022-04-16,,,,
2022-04-17,,,,
2022-04-18,5505.874953011675,5545.090586580134,5490.1886995842915,5542.1494140625
2022-04-19,5586.267546787678,5606.8557564195735,5414.699133188547,5438.228515625
2022-04-20,5449.012212671606,5544.110122824385,5409.796579618914,5516.6591796875
2022-04-21,5464.698631657219,5533.325991581153,5442.149641967927,5469.6005859375
2022-04-22,5323.522446138364,5364.698862848826,5252.934303206142,5304.89501953125
2022-04-23,,,,
2022-04-24,,,,
2022-04-25,5099.013289882272,5100.97407176648,4866.660636603653,4891.17041015625
2022-04-26,4993.130506252256,5163.718510981864,4949.0129188221845,5093.13037109375
2022-04-27,4891.170294823126,5087.248478620405,4862.73895817252,5080.3857421875
2022-04-28,5099.993014677536,5187.247797127805,5065.679336185857,5165.67919921875
2022-04-29,,,,
2022-04-30,,,,
2022-05-01,,,,
2022-05-02,5251.954259307804,5295.091460616287,5139.209301342451,5186.26806640625
2022-05-03,,,,
2022-05-04,,,,
2022-05-05,,,,
2022-05-06,5013.719201825435,5110.777903620648,5001.9545106987425,5068.62109375
2022-05-07,,,,
2022-05-08,,,,
2022-05-09,4954.895821393002,4977.444813061392,4882.346891677315,4891.17041015625
2022-05-10,4768.620969387755,4832.346372967156,4628.425081513074,4803.9150390625
2022-05-11,4754.895637007539,4826.4641692759,4687.248668151143,4787.24853515625
2022-05-12,4583.327473088538,4588.229427605211,4402.935546875,4402.935546875
2022-05-13,4437.249021112351,4949.993439592634,4425.4843308221725,4941.169921875
2022-05-14,,,,
2022-05-15,,,,
2022-05-16,4941.170483732877,5098.033038772016,4864.699988151297,5009.7978515625
2022-05-17,4887.247987960941,5045.090901915145,4885.287206421137,5021.5615234375
2022-05-18,5076.464093410855,5173.522792763438,4982.346566765927,5036.26806640625
2022-05-19,4840.189374014744,4980.385258252968,4771.562018093936,4955.87548828125
2022-05-20,5020.581403819793,5146.071429144717,4980.385380082904,5129.40478515625
2022-05-21,,,,
2022-05-22,,,,
2022-05-23,5216.659579308129,5239.208568280895,5107.836197743911,5172.5419921875
2022-05-24,5172.5422079681175,5195.09119788155,5035.287486755924,5089.208984375
2022-05-25,5089.20888694844,5089.20888694844,4977.444330386675,5001.9541015625
2022-05-26,5035.2878234532345,5136.268089383079,5033.327041590519,5062.73876953125
2022-05-27,5293.130247949237,5376.463470967516,5226.463669534614,5236.267578125
2022-05-28,,,,
2022-05-29,,,,
2022-05-30,5310.77763482322,5316.659980366683,5210.7777605843485,5252.9345703125
2022-05-31,5276.463144977865,5307.835649741762,5189.2083661032775,5273.52197265625
2022-06-01,5283.32656756707,5303.914776496168,5176.463959316038,5196.07177734375
2022-06-02,5121.5617411472085,5220.581215851625,5114.699005276605,5198.0322265625
2022-06-03,5294.1107765780735,5376.463610880399,5275.4833497715945,5311.7578125
2022-06-04,,,,
2022-06-05,,,,
2022-06-06,5253.914601955226,5304.894926512358,5213.718576823641,5285.287109375
2022-06-07,5375.483177407056,5407.83607634093,5311.757770416091,5323.5224609375
2022-06-08,5372.541625471868,5477.443441881629,5330.38482074645,5453.9140625
2022-06-09,5587.2473717025705,5734.30599703252,5539.208220761453,5548.03173828125
2022-06-10,5475.483214396416,5475.483214396416,5362.738260116095,5436.267578125
2022-06-11,,,,
2022-06-12,,,,
2022-06-13,5217.64011374637,5248.032230154889,5063.71875,5063.71875
2022-06-14,4799.013192131153,4947.052209906803,4770.581857591459,4934.30712890625
2022-06-15,4947.0518189933255,5026.463471260162,4877.444074413752,4929.40478515625
2022-06-16,5025.4838455078125,5078.424955078125,4899.013417089844,4901.95458984375
2022-06-17,4708.817680492736,4764.699964021382,4615.680541278326,4694.11181640625
2022-06-18,,,,
2022-06-19,,,,
2022-06-20,4771.5622702613455,4877.444482134825,4731.36624538345,4836.26806640625
2022-06-21,4926.464824507389,5025.484316502463,4880.386447044335,4975.484375
2022-06-22,4997.052006180037,5022.542167482898,4926.4638671875,4926.4638671875
2022-06-23,4949.992980634094,5044.1104942290385,4931.365556068428,5002.93408203125
2022-06-24,5044.110650475868,5146.071293362067,5006.855800190527,5121.5615234375
2022-06-25,,,,
2022-06-26,,,,
2022-06-27,5187.24817016196,5320.581330460964,5131.365889742525,5311.7578125
2022-06-28,5252.9340511867385,5358.816260505172,5243.130142916513,5307.8359375
2022-06-29,5235.287406470071,5251.954051771567,5179.405125165053,5220.58154296875
2022-06-30,5217.64069327543,5245.091640177293,5118.621206236569,5132.3466796875
2022-07-01,5132.345898304272,5192.149737806958,5014.699000921939,5030.38525390625
2022-07-02,,,,
2022-07-03,,,,
2022-07-04,5122.542116683969,5242.149798642905,5105.875472476576,5179.40478515625
2022-07-05,5245.091048382879,5333.326224897732,5217.640104578259,5272.5419921875
2022-07-06,5267.640242270845,5331.3656500035095,5233.326561184026,5238.228515625
2022-07-07,5257.836418803215,5330.3853457082005,5219.601173542479,5282.34619140625
2022-07-08,5314.6980683051215,5416.658702709056,5289.207909704138,5294.10986328125
2022-07-09,,,,
2022-07-10,,,,
2022-07-11,5392.1496012698535,5490.188684929306,5321.5614610350485,5339.20849609375
2022-07-12,5205.875750639927,5215.679659774842,5091.17001376142,5110.77783203125
2022-07-13,5156.85568828447,5249.012424919211,5141.169435240258,5233.326171875
2022-07-14,5186.267653384692,5331.365500776173,5169.601008751886,5279.40478515625
2022-07-15,5255.875307111942,5323.522275250483,5164.698958751298,5192.14990234375
2022-07-16,,,,
2022-07-17,,,,
2022-07-18,,,,
2022-07-19,5243.130209909118,5270.581153416496,5164.698942745183,5265.67919921875
2022-07-20,5382.3455060369315,5433.325827769887,5344.110264737216,5392.1494140625
2022-07-21,5392.149471340454,5431.365103859293,5352.933838821614,5399.01220703125
2022-07-22,5395.09113864836,5413.718565803425,5361.757847949824,5374.5029296875
2022-07-23,,,,
2022-07-24,,,,
2022-07-25,5313.719014319369,5405.875764752214,5310.777841433214,5397.05224609375
2022-07-26,5389.208664125759,5627.443647822786,5382.345927969877,5569.6005859375
2022-07-27,5535.286476875659,5588.227580267669,5475.4826378587595,5576.462890625
2022-07-28,5638.227953963435,5696.0710159150685,5530.3849571044575,5545.0908203125
2022-07-29,5560.77700853033,5649.992577602308,5457.835967293432,5495.0908203125
2022-07-30,,,,
2022-07-31,,,,
2022-08-01,5318.620411185331,5430.384969134663,5277.443995098734,5396.0712890625
2022-08-02,5353.9146709253155,5414.698906339593,5300.973562661267,5343.13037109375
2022-08-03,5439.208350746566,5468.620075786652,5382.345682335733,5388.22802734375
2022-08-04,5467.640157236951,5529.40478515625,5463.718593559536,5529.40478515625
2022-08-05,5566.659185042787,5578.423875113324,5477.443618674542,5542.1494140625
2022-08-06,,,,
2022-08-07,,,,
2022-08-08,5497.051772731014,5654.894707528534,5475.483172945018,5583.326171875
2022-08-09,5485.286681956002,5485.286681956002,5133.326374749174,5191.16943359375
2022-08-10,5107.836304974129,5259.796886024224,5086.267706373471,5210.77734375
2022-08-11,,,,
2022-08-12,5400.973679290608,5614.69890384776,5348.032568620488,5499.9931640625
2022-08-13,,,,
2022-08-14,,,,
2022-08-15,5540.188357223252,5812.736996987553,5527.443276946504,5784.3056640625
2022-08-16,5783.325719775315,5784.306110641524,5628.423962914067,5636.26708984375
2022-08-17,5669.5996267955825,5717.638772863884,5617.638917782931,5688.22705078125
2022-08-18,5627.443826244088,5729.404480935619,5612.737962586656,5700.97314453125
2022-08-19,5714.698552996644,5725.482852890787,5631.365326541898,5650.97314453125
2022-08-20,,,,
2022-08-21,,,,
2022-08-22,5584.306570177731,5645.090806018851,5576.463442972426,5626.46337890625
2022-08-23,5536.267336512975,5561.757499564035,5461.757629132952,5490.18896484375
2022-08-24,5475.482398139106,5552.933268229167,5464.698099772136,5505.87451171875
2022-08-25,5535.286974790208,5567.639874217781,5517.639938738804,5527.44384765625
2022-08-26,5635.285706069238,5699.9914918383,5585.285780702235,5593.12890625
2022-08-27,,,,
2022-08-28,,,,
2022-08-29,5392.149590682428,5446.071086589252,5366.65942898102,5388.22802734375
2022-08-30,5443.129759081961,5484.306172965506,5423.52194294694,5478.423828125
2022-08-31,5411.757665014833,5503.9144078611,5405.875319726773,5452.93408203125
2022-09-01,5414.698204968239,5422.54133110254,5320.580691356624,5401.953125
2022-09-02,5421.561571972283,5434.306653425382,5361.757728230817,5385.287109375
2022-09-03,,,,
2022-09-04,,,,
2022-09-05,5385.2869326983755,5414.698658163686,5354.894816384221,5389.20849609375
2022-09-06,5392.1492413504975,5449.011906077466,5367.639472071632,5371.56103515625
2022-09-07,5354.894527793464,5363.718044957532,5216.659425556393,5262.73779296875
2022-09-08,5344.110671489277,5396.071387979632,5309.796990788098,5391.16943359375
2022-09-09,5401.9533220880685,5426.463092151988,5321.561276278409,5392.1494140625
2022-09-10,,,,
2022-09-11,,,,
2022-09-12,5447.052199058675,5549.993250336782,5440.189462306801,5526.4638671875
2022-09-13,5541.169101106518,5586.267080344115,5517.639720634728,5543.1298828125
2022-09-14,5339.208721308395,5354.8949753555735,5295.091131800706,5299.0126953125
2022-09-15,5325.48337724692,5371.561749620006,5262.7383595473975,5331.36572265625
2022-09-16,5306.855557227493,5366.659397794808,5290.188913134963,5350.97314453125
2022-09-17,,,,
2022-09-18,,,,
2022-09-19,,,,
2022-09-20,5393.129665533096,5452.933502944025,5378.423803874672,5408.81591796875
2022-09-21,5358.816859519702,5392.150151364502,5327.444349548127,5346.07177734375
2022-09-22,5293.1304053639105,5302.934314245859,5177.44428055692,5238.228515625
2022-09-23,,,,
2022-09-24,,,,
2022-09-25,,,,
2022-09-26,5099.0134252283915,5114.699680718423,4949.9939980730915,4966.66064453125
2022-09-27,5010.7773774346115,5011.757768234344,4921.561814658921,4931.36572265625
2022-09-28,4905.875716699575,4957.83643072537,4785.287644526504,4841.169921875
2022-09-29,4979.039380838799,4981.008937555904,4884.500658417809,4954.419921875
2022-09-30,4855.942192283163,4904.196332908163,4802.764159757653,4825.4140625
2022-10-01,,,,
2022-10-02,,,,
2022-10-03,4782.083853800693,4927.831055275673,4715.118923393269,4905.18115234375
2022-10-04,4974.115244075334,5178.94913256626,4954.4196778742835,5155.314453125
2022-10-05,5199.629901960784,5290.229513888889,5151.3757608251635,5273.48828125
2022-10-06,5274.4726626490265,5447.7936463357755,5247.883648106173,5410.3720703125
2022-10-07,5301.061553067939,5469.458641229674,5265.609534507574,5420.2197265625
2022-10-08,,,,
2022-10-09,,,,
2022-10-10,,,,
2022-10-11,5307.954892522587,5442.869515950341,5299.09188806383,5368.0263671875
2022-10-12,5332.574604492188,5496.047805664062,5325.68115625,5416.28076171875
2022-10-13,5420.219681385994,5434.0065773778915,5369.995988844082,5385.75244140625
2022-10-14,5470.443137271847,5649.672777412887,5465.519246059182,5563.9970703125
2022-10-15,,,,
2022-10-16,,,,
2022-10-17,5505.895847647098,5541.347868844611,5418.250573019914,5464.53515625
2022-10-18,5565.967284715324,5578.769403381513,5347.346489031176,5452.7177734375
2022-10-19,5481.2762643109,5682.1710465457945,5456.656805703683,5655.58203125
2022-10-20,5594.525503318286,5724.516238477238,5541.347475298713,5692.0185546875
2022-10-21,5662.474801532921,5742.241837867559,5611.266333762537,5670.35302734375
2022-10-22,,,,
2022-10-23,,,,
2022-10-24,5745.196493130506,5901.7762398579225,5635.886103905705,5645.73388671875
2022-10-25,5583.693134809947,5901.77653561129,5548.241114906392,5858.4462890625
2022-10-26,5908.669627497513,5974.649771671236,5852.537266036286,5939.19775390625
2022-10-27,5909.654285243526,6075.097031439312,5890.9434984713835,5994.34521484375
2022-10-28,5928.36574388587,6041.61525560462,5912.609290081522,5934.2744140625
2022-10-29,,,,
2022-10-30,,,,
2022-10-31,6095.7780860900875,6324.246667022705,6068.204291839599,6302.58154296875
2022-11-01,6341.972323499772,6563.547443497823,6333.10931869985,6473.9326171875
2022-11-02,6475.902076342282,6621.649264191835,6408.93715219519,6602.9384765625
2022-11-03,,,,
2022-11-04,6450.297958050557,6488.704312304599,6304.55076754804,6457.19140625
2022-11-05,,,,
2022-11-06,,,,
2022-11-07,6504.461086107337,6593.091138756794,6377.424677309783,6500.52197265625
2022-11-08,6553.699086690674,6890.493239605507,6548.775195566189,6823.5283203125
2022-11-09,6854.057257533124,6931.854746519492,6763.457650105963,6912.1591796875
2022-11-10,6745.730976253796,6872.767369821203,6699.446398752492,6728.98974609375
2022-11-11,6934.809338145405,7070.7087543146845,6795.95558684201,6847.1640625
2022-11-12,,,,
2022-11-13,,,,
2022-11-14,6256.296583061243,6354.774413740627,5865.33959526409,5975.634765625
2022-11-15,5975.634644249735,6171.605523321208,5938.213069351666,6053.43212890625
2022-11-16,5997.300004537126,6302.581285556258,5997.300004537126,6231.67724609375
2022-11-17,6270.0838143767805,6320.307510706797,6162.742973200863,6222.814453125
2022-11-18,6258.265740338863,6266.1439662905095,5951.999706468621,5982.52783203125
2022-11-19,,,,
2022-11-20,,,,
2022-11-21,5977.604110690154,6070.173268252735,5904.730518566418,5984.49755859375
2022-11-22,6007.1476714424025,6066.234369850033,5937.22841166004,5975.634765625
2022-11-23,,,,
2022-11-24,6016.9956040193665,6044.569397294742,5945.106785837138,5971.69580078125
2022-11-25,5971.695610657592,6036.690978451688,5955.939157859023,5986.46728515625
2022-11-26,,,,
2022-11-27,,,,
2022-11-28,6025.8581997954425,6042.599430290053,5914.578255919501,5950.0302734375
2022-11-29,5890.943846427148,5893.898181355145,5798.374685349891,5868.2939453125
2022-11-30,5837.7657116305445,5887.989404493763,5793.45068851594,5861.400390625
2022-12-01,6101.686561711902,6108.580010054701,5943.137249827522,5954.95458984375
2022-12-02,5937.228284104691,5962.83251953125,5874.2024738239315,5962.83251953125
2022-12-03,,,,
2022-12-04,,,,
2022-12-05,5977.604322238588,5982.528213772556,5880.111269865998,5975.634765625
2022-12-06,5877.157290434341,5924.426652019604,5804.283691323728,5826.93359375
2022-12-07,5772.770157742584,5884.050101076756,5759.968040367857,5876.171875
2022-12-08,5849.58347486413,6039.645698879076,5792.46632982337,6002.22412109375
2022-12-09,6006.162604780977,6126.305552441787,6006.162604780977,6074.1123046875
2022-12-10,,,,
2022-12-11,,,,
2022-12-12,6019.950194368201,6110.5498046875,6013.05674575695,6110.5498046875
2022-12-13,6171.605763934996,6206.073005316473,6111.534286098705,6118.427734375
2022-12-14,6125.320803049415,6197.209616332792,6118.427355200324,6147.970703125
2022-12-15,6137.138315152599,6195.240234375,6127.290532233548,6195.240234375
2022-12-16,6013.05644747475,6019.949895744046,5928.365511594824,5959.87841796875
2022-12-17,,,,
2022-12-18,,,,
2022-12-19,5923.441173062843,5954.954077059187,5906.699942814785,5926.3955078125
2022-12-20,5946.09166487022,5949.045999914043,5628.008258485144,5638.8408203125
2022-12-21,5662.4749545393315,5739.287658270474,5598.464368096714,5711.7138671875
2022-12-22,5764.892170520707,5798.374632734186,5645.733996172738,5697.92724609375
2022-12-23,5613.236289449257,5696.942444642799,5603.388506485311,5669.36865234375
2022-12-24,,,,
2022-12-25,,,,
2022-12-26,5684.140646295755,5735.349120586708,5640.810398818795,5690.04931640625
2022-12-27,5708.759680622277,5780.648494954764,5696.942341279951,5707.77490234375
2022-12-28,5682.1707671119875,5696.942441549887,5593.5407204845915,5624.06884765625
2022-12-29,5563.99727994838,5569.905949626202,5491.123687255251,5532.484375
2022-12-30,5594.526156700561,5647.704190930773,5538.393787235338,5558.08935546875
2022-12-31,,,,
2023-01-01,,,,
2023-01-02,,,,
2023-01-03,,,,
2023-01-04,5470.444223390404,5579.754630014406,5448.779097753214,5554.150390625
2023-01-05,5636.871411961489,5695.958114392951,5559.07392042673,5657.5517578125
2023-01-06,5639.82591354601,5777.694889955376,5629.9781295167695,5727.47119140625
2023-01-07,,,,
2023-01-08,,,,
2023-01-09,,,,
2023-01-10,5825.94845659489,5949.045744808946,5806.25289048064,5862.38525390625
2023-01-11,5946.090809514522,5990.405828797092,5857.460770949384,5878.14111328125
2023-01-12,5844.659415722526,5941.167692511205,5840.720302384213,5932.3046875
2023-01-13,5932.304986864872,5944.122327476157,5806.2533536778365,5833.8271484375
2023-01-14,,,,
2023-01-15,,,,
2023-01-16,5783.60268472834,5810.19169758168,5745.196332829071,5757.013671875
2023-01-17,5812.161728753411,5907.685227175824,5763.907590375079,5864.35498046875
2023-01-18,5860.4158918534295,6037.675992766489,5845.644216777341,6006.1630859375
2023-01-19,5907.685268201462,5917.533051612367,5761.93807372008,5785.57275390625
2023-01-20,5801.3293138262125,5805.268427262862,5728.455715248188,5792.46630859375
2023-01-21,,,,
2023-01-22,,,,
2023-01-23,5890.943529424821,5916.547764089656,5846.628507889528,5892.9130859375
2023-01-24,5962.832508719139,6127.290482122293,5953.969504164478,6092.8232421875
2023-01-25,6036.690542932739,6123.351027072719,6031.766651788422,6088.8837890625
2023-01-26,6123.351327261566,6133.199110032974,6069.1885220188215,6103.65576171875
2023-01-27,6161.758065671186,6184.407967462849,6087.899690263588,6096.7626953125
2023-01-28,,,,
2023-01-29,,,,
2023-01-30,6162.742994225544,6176.529891304348,6051.463039232337,6070.173828125
2023-01-31,6069.188325723013,6070.173103968303,6024.8733046849575,6050.4775390625
2023-02-01,6098.731265427627,6172.589628887512,6088.883483632975,6158.802734375
2023-02-02,6216.906186008725,6279.932005097045,6201.1497312366455,6221.830078125
2023-02-03,6279.93138406129,6309.4747338373345,6231.67724609375,6231.67724609375
2023-02-04,,,,
2023-02-05,,,,
2023-02-06,6281.9007911513445,6281.9007911513445,6221.829314703588,6235.6162109375
2023-02-07,6208.0423505304725,6231.677029529954,6158.803435948219,6172.59033203125
2023-02-08,5924.426351294553,5956.924035734833,5731.409801285621,5857.46142578125
2023-02-09,5849.5832840866115,5884.0505256595125,5815.11604251371,5858.4462890625
2023-02-10,5859.430893167584,5868.293897879938,5768.831289441296,5788.52685546875
2023-02-11,,,,
2023-02-12,,,,
2023-02-13,5775.72499054018,5777.694547229197,5670.353707677811,5723.53173828125
2023-02-14,5789.512186748798,5808.222976262019,5708.760358323318,5760.95361328125
2023-02-15,5760.952500040473,5787.541511579121,5626.03788593696,5702.8505859375
2023-02-16,5751.105575470898,5814.131389996606,5694.973209408939,5803.298828125
2023-02-17,5719.591960877863,5752.089642473759,5676.26171875,5676.26171875
2023-02-18,,,,
2023-02-19,,,,
2023-02-20,5667.399157861865,5670.353492783426,5623.084134038444,5641.794921875
2023-02-21,5623.084111156798,5632.931894188596,5570.890861088267,5613.236328125
2023-02-22,5514.758703595768,5558.088950552591,5489.1544667576445,5491.1240234375
2023-02-23,,,,
2023-02-24,5495.0623114946375,5558.088115784182,5487.1840859584445,5509.833984375
2023-02-25,,,,
2023-02-26,,,,
2023-02-27,5445.823916799518,5452.717364795467,5372.950323699488,5385.75244140625
2023-02-28,5408.402028672739,5462.564831217714,5374.919568917663,5433.021484375
2023-03-01,5401.508349432462,5487.184051602128,5400.523571246603,5435.9755859375
2023-03-02,5406.432230445661,5524.605612531905,5382.797554028412,5498.0166015625
2023-03-03,5563.997879193103,5566.952214350196,5419.235456495512,5471.4287109375
2023-03-04,,,,
2023-03-05,,,,
2023-03-06,5538.392884712246,5689.063957144852,5516.727763185989,5621.1142578125
2023-03-07,5647.7034215325975,5727.470462011088,5628.007855982353,5639.8251953125
2023-03-08,5570.890417122133,5622.09888480648,5538.392735707066,5602.4033203125
2023-03-09,5638.840564007675,5655.581795161732,5570.890861088267,5613.236328125
2023-03-10,5514.758431007861,5524.606213920375,5251.822627243736,5261.67041015625
2023-03-11,,,,
2023-03-12,,,,
2023-03-13,5168.117208317472,5203.569231850138,5076.53281419142,5174.02587890625
2023-03-14,5061.760546487475,5068.653994702536,4924.876360502697,4963.28271484375
2023-03-15,5035.17185623129,5041.080526510458,4847.079185677764,4893.36376953125
2023-03-16,4728.906010296482,4874.653217610909,4693.453986895675,4822.4599609375
2023-03-17,4801.779106394398,4863.820140787927,4778.144426625435,4816.55078125
2023-03-18,,,,
2023-03-19,,,,
2023-03-20,4825.413312815656,4889.423897577497,4758.4483933725005,4777.1591796875
2023-03-21,,,,
2023-03-22,4923.891473299328,4938.663147719226,4837.23098336926,4911.08935546875
2023-03-23,4831.322458771737,4899.272163145004,4825.413788826235,4884.50048828125
2023-03-24,4874.653233891039,4911.090035841336,4835.262096647476,4896.318359375
2023-03-25,,,,
2023-03-26,,,,
2023-03-27,4914.0435814410175,4927.830477260692,4866.774224344992,4881.5458984375
2023-03-28,4916.013630319148,4916.998408690607,4757.464312514385,4813.5966796875
2023-03-29,5010.552122471098,5125.771186608111,4973.130546084718,5110.99951171875
2023-03-30,5132.7571476922085,5160.448323055481,4979.466712645524,5027.92626953125
2023-03-31,5080.341541615659,5239.565794720607,5054.628308194984,5124.84521484375
2023-04-01,,,,
2023-04-02,,,,
2023-04-03,5201.984512370042,5219.785980283094,5136.712463355512,5160.44775390625
2023-04-04,5152.5356517940145,5196.050348277496,5110.998896059783,5186.16064453125
2023-04-05,5202.973511046602,5256.377915075592,5135.723520787874,5155.5029296875
2023-04-06,5131.768040254997,5187.1503895042315,5090.2312783180705,5170.337890625
2023-04-07,5172.315478997388,5199.017681279019,5089.24196078787,5111.98828125
2023-04-08,,,,
2023-04-09,,,,
2023-04-10,5131.767388748468,5132.756359145221,5027.925497089461,5043.7490234375
2023-04-11,5082.318956088758,5098.142482708221,5045.72705078125,5045.72705078125
2023-04-12,5165.392831884144,5252.422234374246,5113.966366776355,5120.88916015625
2023-04-13,5088.253417111782,5214.841645953436,5064.518124203972,5071.44091796875
2023-04-14,5170.337619400024,5171.326589870453,5034.848664951324,5063.52880859375
2023-04-15,,,,
2023-04-16,,,,
2023-04-17,5063.528900057993,5120.889188378963,5063.528900057993,5115.9443359375
2023-04-18,5093.197844858754,5156.491953998747,5091.219903948129,5128.80078125
2023-04-19,5132.7566045719495,5177.260274553787,5082.319111925866,5121.8779296875
2023-04-20,5075.396306469622,5084.297040444334,5005.179405113553,5037.8154296875
2023-04-21,4969.576628099355,4994.300889930694,4920.128104436674,4940.896484375
2023-04-22,,,,
2023-04-23,,,,
2023-04-24,4979.466396704653,5062.539917523558,4976.499485246834,4998.2568359375
2023-04-25,4983.422218641277,5009.135450966079,4962.65383868663,4974.521484375
2023-04-26,4926.061875503782,4992.322896515377,4914.194229949467,4984.4111328125
2023-04-27,4997.267179743551,5000.23409079426,4893.42529296875,4893.42529296875
2023-04-28,4962.653676123258,5046.716163662213,4922.105888016233,5037.8154296875
2023-04-29,,,,
2023-04-30,,,,
2023-05-01,5124.845126985279,5161.4370354566145,5078.363513521693,5106.0546875
2023-05-02,5129.790037740268,5155.5032710121495,5066.495925071023,5112.9775390625
2023-05-03,,,,
2023-05-04,,,,
2023-05-05,,,,
2023-05-06,,,,
2023-05-07,,,,
2023-05-08,5073.418513298035,5081.330277061462,5019.025137424469,5063.52880859375
2023-05-09,5093.197807566672,5097.153689358957,5066.49560546875,5066.49560546875
2023-05-10,5063.529042840602,5131.768008457009,5041.771691484647,5124.84521484375
2023-05-11,5094.187183253911,5113.966593788774,5045.727627443497,5081.33056640625
2023-05-12,4929.029006806931,4954.742239988508,4800.462840899046,4894.4150390625
2023-05-13,,,,
2023-05-14,,,,
2023-05-15,4885.514103929924,4958.697918442235,4825.1869054805875,4895.40380859375
2023-05-16,4953.752985753401,4991.333862866323,4931.006665395579,4943.86328125
2023-05-17,5000.234989265267,5225.720269635615,4985.4004313461655,5182.20556640625
2023-05-18,5241.543034480168,5252.421708702675,5089.241595365084,5142.64599609375
2023-05-19,5193.08380165844,5210.885269651176,5117.922047911336,5121.8779296875
2023-05-20,,,,
2023-05-21,,,,
2023-05-22,5132.756581597056,5164.403635664707,5113.966143244388,5160.44775390625
2023-05-23,5162.426007480694,5180.227476472008,5075.396603523166,5122.8671875
2023-05-24,5095.175622157967,5099.13150385219,4999.245491073083,5002.21240234375
2023-05-25,5006.168342600876,5078.363184364974,4989.355845203757,5009.13525390625
2023-05-26,5014.080370598033,5083.308304708854,5005.179636212356,5065.5068359375
2023-05-27,,,,
2023-05-28,,,,
2023-05-29,5152.536305675692,5533.289948225623,5143.6355711745255,5480.87451171875
2023-05-30,5454.171902914445,5508.565276379594,5217.807970947709,5449.22705078125
2023-05-31,5429.447838184932,5552.080175513699,5345.385348886986,5414.61328125
2023-06-01,5480.873887827511,5750.862803629912,5454.171687363537,5661.85546875
2023-06-02,5859.650421781449,6000.084237797139,5823.058511974544,5905.14306640625
2023-06-03,,,,
2023-06-04,,,,
2023-06-05,6111.837409965543,6129.638878149909,5889.319057660972,5955.580078125
2023-06-06,5904.153001857733,6040.630910443389,5864.594187774935,6013.9287109375
2023-06-07,6020.852154296875,6109.8594956054685,5917.0102561035155,5933.82275390625
2023-06-08,5909.098597050358,6001.07285136428,5797.34493320656,5846.79345703125
2023-06-09,5945.690269326703,5949.646151076088,5811.190289847589,5835.91455078125
2023-06-10,,,,
2023-06-11,,,,
2023-06-12,5894.263478028566,5999.094338543839,5875.473040766394,5928.87744140625
2023-06-13,6111.837644549822,6386.771441505299,6082.1685297704535,6240.40380859375
2023-06-14,6339.300634987236,6606.322658613843,6275.017555225274,6537.0947265625
2023-06-15,6477.756773360483,6587.532498832698,6399.628103880257,6420.396484375
2023-06-16,6448.086937744765,6584.564851457768,6417.4288556788015,6565.7744140625
2023-06-17,,,,
2023-06-18,,,,
2023-06-19,6566.763738520212,6625.112994630557,6378.859354436049,6434.24169921875
2023-06-20,6457.9774085817235,6685.440625116761,6439.186968954917,6617.20166015625
2023-06-21,6611.267718056256,6887.190484449329,6592.477278767839,6860.48828125
2023-06-22,6812.028595568734,6858.510207646511,6691.374198260461,6712.142578125
2023-06-23,6749.723288251769,6779.392401606722,6455.999066037736,6551.92919921875
2023-06-24,,,,
2023-06-25,,,,
2023-06-26,6482.701381359601,6595.444014078898,6445.120503786502,6548.96240234375
2023-06-27,6450.064768207992,6520.281664642025,6362.046405072371,6446.10888671875
2023-06-28,6524.238372224507,6576.65380859375,6416.440587993421,6576.65380859375
2023-06-29,6537.095080977717,6763.569328109925,6522.260523305301,6662.6943359375
2023-06-30,6621.157179702495,6737.8556931012845,6592.477036579064,6698.296875
2023-07-01,,,,
2023-07-02,,,,
2023-07-03,6732.9107918587215,6773.458580117564,6635.991688215631,6758.6240234375
2023-07-04,6736.866961744746,6793.238279539733,6678.517702974496,6776.42578125
2023-07-05,6756.645503449705,6893.123413209081,6727.965362993024,6862.46533203125
2023-07-06,6804.117211602027,6833.786327350292,6713.131923307349,6731.92236328125
2023-07-07,6645.881520486318,6756.646212494423,6564.785942408955,6649.83740234375
2023-07-08,,,,
2023-07-09,,,,
2023-07-10,6626.101775216584,6792.248804804105,6626.101775216584,6692.36279296875
2023-07-11,6722.032683381397,6769.503268757638,6664.672392718439,6676.5400390625
2023-07-12,6725.988432302053,6903.014153428662,6628.08035190242,6818.95166015625
2023-07-13,6972.241819741256,7044.436664115882,6865.433008885645,7019.71240234375
2023-07-14,7022.679237972345,7060.260115460438,6871.366757559759,6878.28955078125
2023-07-15,,,,
2023-07-16,,,,
2023-07-17,,,,
2023-07-18,6844.664490038128,6911.914480693033,6780.381410735647,6820.92919921875
2023-07-19,6930.704912296244,7004.877696032291,6915.870355549035,6977.1865234375
2023-07-20,6930.705134502715,6957.407337503796,6878.289698982075,6920.8154296875
2023-07-21,6823.896031663908,6890.1570511018035,6756.64604178664,6869.388671875
2023-07-22,,,,
2023-07-23,,,,
2023-07-24,6921.8042317337795,6952.462315914912,6887.190265722823,6950.484375
2023-07-25,6912.903258909346,7020.701035049706,6867.410619437267,6889.16796875
2023-07-26,6903.013593516593,6985.09813911285,6878.289332794828,6951.47314453125
2023-07-27,6917.848501206787,7054.326427320659,6910.925707853185,7026.63525390625
2023-07-28,6921.804325726107,7019.71240234375,6851.587422293252,7019.71240234375
2023-07-29,,,,
2023-07-30,,,,
2023-07-31,7090.918150793548,7216.517398373852,7047.4034508444665,7162.1240234375
2023-08-01,7189.815053205819,7201.68269841056,7146.300354121768,7170.03564453125
2023-08-02,7096.851760525562,7128.498814084204,6887.190030699556,6905.98046875
2023-08-03,6853.565142314007,6921.804102605445,6818.951176948784,6852.576171875
2023-08-04,6835.763397334861,6931.693526030099,6805.105314968342,6902.0244140625
2023-08-05,,,,
2023-08-06,,,,
2023-08-07,6806.094530882924,6852.57614130889,6686.429108296928,6840.70849609375
2023-08-08,6887.190008577952,6963.340730958839,6873.344422690518,6944.55029296875
2023-08-09,6940.595173352047,7016.745904094154,6624.124604034199,6726.9775390625
2023-08-10,6646.870305576662,6800.160723277061,6621.157074220466,6751.701171875
2023-08-11,,,,
2023-08-12,,,,
2023-08-13,,,,
2023-08-14,6724.9992930930475,6724.9992930930475,6535.116960111597,6557.86328125
2023-08-15,6656.76027636353,6690.385272559691,6578.631608731273,6601.3779296875
2023-08-16,6477.756625552167,6477.756625552167,6394.68310546875,6394.68310546875
2023-08-17,6349.190294183612,6440.175575657895,6242.381485496412,6407.53955078125
2023-08-18,6263.150455147611,6496.547503531448,6249.30486753162,6421.3857421875
2023-08-19,,,,
2023-08-20,,,,
2023-08-21,6445.120611044434,6502.480898821107,6379.848559436496,6495.55810546875
2023-08-22,6638.957908616624,6721.042447036881,6574.674836359797,6586.54248046875
2023-08-23,6556.874077124035,6568.741722512494,6490.613057038468,6530.171875
2023-08-24,6597.421465866404,6709.175119837759,6558.8516206904505,6705.21923828125
2023-08-25,6512.370575382958,6558.852187690171,6451.054405956422,6500.5029296875
2023-08-26,,,,
2023-08-27,,,,
2023-08-28,6537.095039353745,6561.819301983676,6495.5582781354615,6499.51416015625
2023-08-29,6551.929023322158,6558.851816252461,6514.348147414801,6531.16064453125
2023-08-30,6580.6095381318455,6580.6095381318455,6473.800726872718,6500.5029296875
2023-08-31,6468.856129664224,6496.547304045908,6457.977454014276,6472.81201171875
2023-09-01,6424.351735576923,6486.65687094351,6417.4289427584135,6428.3076171875
2023-09-02,,,,
2023-09-03,,,,
2023-09-04,6424.351719602494,6424.351719602494,6329.4105611847235,6344.2451171875
2023-09-05,6319.5209156512765,6411.495163719441,6285.895921733883,6351.16796875
2023-09-06,6376.881224365235,6378.85916519165,6280.951094284058,6329.41064453125
2023-09-07,6329.411214769328,6411.495766460867,6280.95166015625,6280.95166015625
2023-09-08,6324.466478897658,6332.378243062033,6235.459132048433,6294.79736328125
2023-09-09,,,,
2023-09-10,,,,
2023-09-11,6346.223233161942,6545.995259513618,6344.245292306974,6538.08349609375
2023-09-12,6662.694020485068,6788.29326949822,6596.432999352145,6666.64990234375
2023-09-13,6643.90371338222,6691.374296627583,6510.392698004637,6557.86328125
2023-09-14,6606.322129995441,6634.013300600213,6410.505995004559,6508.4140625
2023-09-15,6691.373408979374,6837.741021236091,6611.266810379414,6643.90283203125
2023-09-16,,,,
2023-09-17,,,,
2023-09-18,,,,
2023-09-19,6468.855027215085,6479.733701011044,6360.068289255498,6425.34033203125
2023-09-20,6377.869947626509,6436.219199744662,6337.322162256268,6390.7265625
2023-09-21,6334.355412172741,6348.200997773119,6187.98779296875,6187.98779296875
2023-09-22,6040.63133394845,6170.18645915265,6038.653393105638,6129.638671875
2023-09-23,,,,
2023-09-24,,,,
2023-09-25,6120.738417153935,6361.058248365504,6117.771505657495,6353.146484375
2023-09-26,6361.058359497645,6398.639239109105,6287.874541306907,6299.7421875
2023-09-27,6252.271040441463,6348.201171875,6228.535750189866,6348.201171875
2023-09-28,6361.1021658351365,6390.873314817204,6218.200650721212,6249.95654296875
2023-09-29,6272.78062629489,6331.330548293213,6225.146791448797,6286.673828125
2023-09-30,,,,
2023-10-01,,,,
2023-10-02,6308.5060228125,6375.9872890625,6202.322265625,6202.322265625
2023-10-03,6210.261591385973,6240.032739954458,6115.98628758577,6155.68115234375
2023-10-04,6032.627385696848,6116.9789776995185,5947.283422023559,6027.66552734375
2023-10-05,6083.237840175158,6085.222583353029,5985.985424459471,6035.60400390625
2023-10-06,6046.520644923225,6070.337565238038,5980.031742377704,6032.62744140625
2023-10-07,,,,
2023-10-08,,,,
2023-10-09,,,,
2023-10-10,6073.3144003378375,6291.636159827107,6049.497481120827,6242.017578125
2023-10-11,6288.6587575087615,6408.735719739874,6273.773183678459,6406.7509765625
2023-10-12,6434.5379786607555,6483.164191022627,6387.8965096605925,6477.2099609375
2023-10-13,6403.774053178539,6468.278208370947,6389.880850521714,6458.3544921875
2023-10-14,,,,
2023-10-15,,,,
2023-10-16,6359.117895220588,6378.965329350491,6282.705273820466,6326.36962890625
2023-10-17,6435.529666891308,6504.995677173866,6432.552552164912,6494.07958984375
2023-10-18,6468.278637808867,6470.263381177326,6385.9117880178055,6400.79736328125
2023-10-19,6314.460792506852,6379.957321236296,6312.47604921202,6336.29296875
2023-10-20,6291.636258180955,6292.62862983051,6160.643200439648,6207.28466796875
2023-10-21,,,,
2023-10-22,,,,
2023-10-23,6172.551235279873,6187.436808998395,6076.291191900107,6083.23779296875
2023-10-24,6171.558946114682,6241.024957728772,6094.153961744695,6185.4521484375
2023-10-25,6274.765640948302,6309.498647026617,6234.0784052565605,6258.8876953125
2023-10-26,6083.238497114908,6091.177470683736,5969.115752062997,5997.89453125
2023-10-27,6063.390959003461,6110.032427918873,6004.8410299394345,6093.162109375
2023-10-28,,,,
2023-10-29,,,,
2023-10-30,5999.878714322576,6082.245557407057,5964.153336599186,6069.3447265625
2023-10-31,6058.429117732231,6109.040073506899,5997.894445139002,6077.2841796875
2023-11-01,6158.657793685348,6215.222971616393,6114.0010742661025,6139.802734375
2023-11-02,6231.101378383758,6260.872526871019,6178.50568272293,6232.09375
2023-11-03,,,,
2023-11-04,,,,
2023-11-05,,,,
2023-11-06,6382.934411082072,6409.72844545695,6343.239545341512,6360.10986328125
2023-11-07,6331.330703538296,6385.911140637763,6285.6816106914675,6377.97216796875
2023-11-08,6360.109606694854,6414.690044886182,6172.551373637383,6190.4140625
2023-11-09,6105.069979802735,6284.689236360651,6051.481914310319,6256.90283203125
2023-11-10,5954.229578205958,5970.107523747841,5677.357902819381,5745.83154296875
2023-11-11,,,,
2023-11-12,,,,
2023-11-13,5745.8318161757525,5767.6639923339335,5680.33528770121,5718.04541015625
2023-11-14,5723.999431731358,5752.778208347205,5604.914838838195,5682.31982421875
2023-11-15,5805.373910913115,5987.970286914484,5795.450194826083,5977.05419921875
2023-11-16,5965.145952234718,6081.253434585651,5962.168837302642,6065.37548828125
2023-11-17,6034.612313451316,6066.368207881582,6010.795392628617,6026.67333984375
2023-11-18,,,,
2023-11-19,,,,
2023-11-20,6023.695348962561,6206.291715389103,6008.809775612572,6113.0087890625
2023-11-21,6186.444415445244,6237.055365908463,6111.02417553927,6167.58935546875
2023-11-22,6114.994345769301,6183.467992289599,6114.0019740806,6150.7197265625
2023-11-23,,,,
2023-11-24,6217.208474219879,6295.605835666546,6179.498350992368,6180.49072265625
2023-11-25,,,,
2023-11-26,,,,
2023-11-27,6154.688862849349,6157.665977745923,6032.627152089841,6076.29150390625
2023-11-28,6113.009542956026,6140.7959499694625,6073.314675793974,6093.162109375
2023-11-29,6083.238553441168,6135.834253821655,6002.8564453125,6002.8564453125
2023-11-30,6003.848787732299,6026.673336842686,5945.298857405653,5974.07763671875
2023-12-01,5953.237694570181,6003.848650133287,5857.970013510214,5874.84033203125
2023-12-02,,,,
2023-12-03,,,,
2023-12-04,5920.489254641843,5924.458741235636,5797.435170234268,5807.35888671875
2023-12-05,5775.602973882299,5785.526690332269,5696.2132422825425,5710.1064453125
2023-12-06,5743.846983840581,5784.5342205954985,5726.976666161713,5744.83935546875
2023-12-07,5676.365996821197,5730.946439098324,5606.899979377581,5648.57958984375
2023-12-08,5646.59488966848,5723.007509440796,5595.983933715389,5608.884765625
2023-12-09,,,,
2023-12-10,,,,
2023-12-11,5725.98450342373,5842.091988155198,5703.159955143185,5720.0302734375
2023-12-12,5765.678918573088,5788.503465066578,5697.2052790926155,5740.86962890625
2023-12-13,5770.641166169391,5839.114810273551,5737.8929015978365,5836.1376953125
2023-12-14,5909.573082747045,6042.550881754283,5851.023156318484,5886.74853515625
2023-12-15,5865.9088120328925,6086.215317915366,5865.9088120328925,6041.55859375
2023-12-16,,,,
2023-12-17,,,,
2023-12-18,6003.848697087657,6051.48253799017,5951.252997757798,6000.87158203125
2023-12-19,5953.236965476538,6052.47412109375,5909.572617004965,6052.47412109375
2023-12-20,6107.055447620359,6178.506210088455,6020.719109638076,6026.67333984375
2023-12-21,5927.435865040652,5976.062075887294,5900.641830492503,5973.0849609375
2023-12-22,5957.207070156873,6015.756998049469,5924.458805403387,5978.046875
2023-12-23,,,,
2023-12-24,,,,
2023-12-25,6031.634318414135,6074.306295329537,6025.680089077103,6052.47412109375
2023-12-26,6068.352065992503,6084.230010891258,6019.72585974007,6052.47412109375
2023-12-27,6203.314956614632,6478.201893581878,6203.314956614632,6308.50634765625
2023-12-28,6291.636247146288,6314.46079504603,6224.154975094877,6275.75830078125
2023-12-29,6306.5216695851295,6329.346216933746,6217.208223438369,6244.99462890625
2023-12-30,,,,
2023-12-31,,,,
2024-01-01,,,,
2024-01-02,,,,
2024-01-03,,,,
2024-01-04,5993.924916064049,6039.5740131069215,5973.085110892303,6003.8486328125
2024-01-05,5993.925247995477,6072.322614649723,5993.925247995477,6033.6201171875
2024-01-06,,,,
2024-01-07,,,,
2024-01-08,,,,
2024-01-09,6132.856747261494,6227.132053246906,6091.177138299523,6194.3837890625
2024-01-10,6160.642843700475,6288.658779080205,6111.024264095929,6261.86474609375
2024-01-11,6430.568103959337,6453.392651241909,6314.4606243045155,6381.94189453125
2024-01-12,6580.416448803358,6591.332537015821,6388.888719257431,6401.78955078125
2024-01-13,,,,
2024-01-14,,,,
2024-01-15,6423.6217610956,6439.499707670223,6347.209143205231,6370.03369140625
2024-01-16,6423.621487066434,6439.499432963709,6309.498750929768,6337.28515625
2024-01-17,6341.255221003007,6546.676164781978,6341.255221003007,6476.2177734375
2024-01-18,6445.453814005697,6456.369902066369,6378.964913999787,6428.58349609375
2024-01-19,6548.660558180217,6576.44696454922,6475.225055633568,6514.919921875
2024-01-20,,,,
2024-01-21,,,,
2024-01-22,6619.11865996974,6690.569416119339,6587.362768347696,6671.71435546875
2024-01-23,6667.744829041821,6753.0887872644125,6620.110991894327,6650.87451171875
2024-01-24,6688.584608701308,6701.485439548952,6639.958400121729,6674.69140625
2024-01-25,6648.889865077058,6657.821209671938,6584.385709669595,6616.1416015625
2024-01-26,6574.461711111245,6578.431197427387,6461.331351101179,6470.2626953125
2024-01-27,,,,
2024-01-28,,,,
2024-01-29,6477.209576430004,6528.812900771104,6430.568110198625,6495.072265625
2024-01-30,6531.789676467767,6543.69813531274,6451.407579264198,6465.30078125
2024-01-31,6366.063979960816,6410.720703125,6329.346229803599,6410.720703125
2024-02-01,6357.1326365386685,6376.980069059863,6323.392001252638,6350.18603515625
2024-02-02,6391.865219099669,6472.247315474001,6384.91861817843,6407.7431640625
2024-02-03,,,,
2024-02-04,,,,
2024-02-05,6475.2248392536185,6616.141609701743,6441.484204075899,6608.20263671875
2024-02-06,6604.2333342671645,6643.928200288305,6571.4850697997235,6607.21044921875
2024-02-07,6586.370686480054,6588.355429793744,6496.064865707162,6567.515625
2024-02-08,7194.693993808461,7302.862496611926,7030.952682225234,7293.93115234375
2024-02-09,7958.820280481557,8412.33410444416,7896.300869300718,7930.04150390625
2024-02-10,,,,
2024-02-11,,,,
2024-02-12,,,,
2024-02-13,8633.63302179625,8805.313310620473,8360.730828578551,8427.2197265625
2024-02-14,8129.508468380651,8320.043823108323,8047.141622326501,8144.39404296875
2024-02-15,8375.616513945248,8532.411230675503,8281.34120958212,8437.1435546875
2024-02-16,8582.029057990077,8613.784947196333,8208.897359816596,8251.5693359375
2024-02-17,,,,
2024-02-18,,,,
2024-02-19,8290.272866277199,8512.564118616929,8270.42543303258,8482.79296875
2024-02-20,8515.540936484438,8696.152572708676,8441.113064414012,8473.861328125
2024-02-21,8330.960660398932,8352.792838424992,8226.761628910917,8306.1513671875
2024-02-22,8703.098969060724,8769.587866543856,8608.823666659267,8732.8701171875
2024-02-23,,,,
2024-02-24,,,,
2024-02-25,,,,
2024-02-26,8994.856179341326,9025.619698930865,8653.480349057409,8712.0302734375
2024-02-27,8832.107872094963,8990.887339458468,8788.443518569999,8924.3984375
2024-02-28,8832.107645214406,8869.817767744535,8733.862852306964,8851.955078125
2024-02-29,8732.870004977247,8772.564868636235,8671.342966305816,8722.9462890625
2024-03-01,8790.427503254112,8951.191700084904,8756.686869351352,8839.0537109375
2024-03-02,,,,
2024-03-03,,,,
2024-03-04,8980.963748259808,9128.827129308505,8849.97068585425,8865.8486328125
2024-03-05,8797.375028078339,8984.933277407928,8787.451311182595,8939.2841796875
2024-03-06,8831.11495430383,8868.825075470651,8774.549772553597,8806.3056640625
2024-03-07,8881.72649403012,9061.345767261342,8813.252848433685,8945.23828125
2024-03-08,9089.132058932924,9219.132746750394,8985.925406009132,9108.9794921875
2024-03-09,,,,
2024-03-10,,,,
2024-03-11,8732.870108695652,8742.793824728262,8468.89926222826,8559.205078125
2024-03-12,8435.158381386409,8547.296369280133,8393.478775266616,8502.6396484375
2024-03-13,8638.594569892277,8651.49540038149,8365.692386466615,8486.76171875
2024-03-14,8494.701322605051,8586.991886039896,8481.80049115717,8525.46484375
2024-03-15,8435.159336738017,8590.961691546001,8394.47209758434,8571.1142578125
2024-03-16,,,,
2024-03-17,,,,
2024-03-18,8588.976124213417,8747.755578849366,8556.227861694751,8722.9462890625
2024-03-19,8676.30497545364,8761.648933807639,8614.77793571006,8753.7099609375
2024-03-20,,,,
2024-03-21,9015.69575044026,9225.086152569362,8923.405194051604,9192.337890625
2024-03-22,9247.91169855764,9314.400601208501,9176.4609375,9176.4609375
2024-03-23,,,,
2024-03-24,,,,
2024-03-25,9144.704317571914,9277.682112314686,9110.963683084943,9111.9560546875
2024-03-26,9164.55210769179,9194.32325693172,8909.512595869724,9004.7802734375
2024-03-27,8881.725913688668,9033.558770090272,8852.947136985094,8979.970703125
2024-03-28,8917.2991506674,8978.97614166934,8883.47628463408,8915.3095703125
2024-03-29,8918.29325826769,8957.090072218884,8864.57459279681,8895.4130859375
2024-03-30,,,,
2024-03-31,,,,
2024-04-01,8971.017619487897,8981.960311194967,8731.273192087521,8783.9970703125
2024-04-02,8817.819555763983,8850.647629471137,8724.309285204212,8750.173828125
2024-04-03,8600.955790621043,8690.486905721193,8580.065197097674,8641.7421875
2024-04-04,8790.960852968394,8856.617005089693,8732.268232132688,8734.2578125
2024-04-05,8586.033710795655,8586.033710795655,8406.971485335891,8492.5234375
2024-04-06,,,,
2024-04-07,,,,
2024-04-08,8614.882721656977,8626.820203488372,8533.309929142442,8555.1953125
2024-04-09,8570.117780840015,8580.065683081268,8467.654387755103,8530.326171875
2024-04-10,8465.665398908905,8516.39970388474,8443.78001244874,8490.53515625
2024-04-11,8388.070335622115,8442.783792507695,8327.38813798538,8402.9921875
2024-04-12,8571.112439230996,8599.961355286903,8426.867858951458,8440.794921875
2024-04-13,,,,
2024-04-14,,,,
2024-04-15,8256.758171582102,8293.565406804817,8230.893627912084,8278.6435546875
2024-04-16,8018.008860365534,8117.487878484213,7959.316239675513,8065.7587890625
2024-04-17,8065.759121337891,8090.6288768920895,7944.394714233398,7958.32177734375
2024-04-18,7660.879007489624,7877.743261954335,7657.894637015339,7834.96728515625
2024-04-19,7659.884362639742,7681.769746532998,7458.93674689257,7608.1552734375
2024-04-20,,,,
2024-04-21,,,,
2024-04-22,7458.936868114266,7575.327320710874,7357.468268414658,7471.869140625
2024-04-23,7614.1239830396635,7638.993737361063,7446.999233999859,7478.83251953125
2024-04-24,7575.327034473727,7736.483039671985,7564.3843427627335,7714.59765625
2024-04-25,7607.160415836061,7678.785307942794,7550.457376251562,7563.3896484375
2024-04-26,7659.884238065407,7773.290316395207,7639.988434849653,7741.45703125
2024-04-27,,,,
2024-04-28,,,,
2024-04-29,,,,
2024-04-30,7862.821955938092,7923.504159798445,7807.113703213835,7873.7646484375
2024-05-01,7744.441737621766,7794.181247818437,7710.618870688029,7748.4208984375
2024-05-02,7668.837526904654,7762.347804181738,7637.0042410230935,7752.39990234375
2024-05-03,,,,
2024-05-04,,,,
2024-05-05,,,,
2024-05-06,,,,
2024-05-07,7973.243742468452,8035.91552734375,7892.6657333430685,8035.91552734375
2024-05-08,7958.321527515427,7971.253799997639,7897.639325868122,7899.62890625
2024-05-09,7750.4107286044955,7792.1919185161105,7680.775412085138,7695.697265625
2024-05-10,7878.738380927066,7922.509149709995,7805.123906155778,7835.96240234375
2024-05-11,,,,
2024-05-12,,,,
2024-05-13,7973.243630676269,8084.660135559082,7920.519748901367,7958.32177734375
2024-05-14,8107.540005484755,8315.451154091665,7893.660115769513,8303.513671875
2024-05-15,8296.550158324859,8434.82599429694,8230.894005992792,8315.451171875
2024-05-16,8370.163932352662,8540.27304008172,8317.44005685769,8494.5126953125
2024-05-17,8406.972791940789,8518.389305098684,8384.09261513158,8505.45703125
2024-05-18,,,,
2024-05-19,,,,
2024-05-20,8386.080544318454,8520.377207839569,8268.6953125,8268.6953125
2024-05-21,8290.581141163924,8341.31543900402,8131.414716567545,8133.404296875
2024-05-22,8159.268493564859,8350.26819495043,8157.278913342093,8328.3828125
2024-05-23,8413.93467076532,8726.298762349656,8380.11180734536,8684.517578125
2024-05-24,8485.560525084411,8519.383392359072,8407.966888395478,8470.638671875
2024-05-25,,,,
2024-05-26,,,,
2024-05-27,8524.356831332036,8611.898364901557,8513.414139635846,8564.1484375
2024-05-28,8550.222185323391,8720.331317806265,8537.2899120937,8676.560546875
2024-05-29,8852.63843841076,9018.768410229459,8830.753052901711,8917.2998046875
2024-05-30,8705.409515095127,8747.190705774365,8615.87839221105,8712.373046875
2024-05-31,8755.148150860221,8999.866528898128,8715.356544675196,8994.892578125
2024-06-01,,,,
2024-06-02,,,,
2024-06-03,9042.643236324904,9137.148308651731,8949.132954233095,9047.6171875
2024-06-04,9067.5131884207,9082.435042268897,8920.284230451829,8956.0966796875
2024-06-05,8893.423597979698,9522.130948530388,8893.423597979698,9370.9228515625
2024-06-06,9669.359761085227,9877.270891750537,9451.500729431145,9501.240234375
2024-06-07,9518.152235151643,9578.834434811368,9366.944131081507,9446.52734375
2024-06-08,,,,
2024-06-09,,,,
2024-06-10,9487.314077524039,9689.256486849548,9475.37659519938,9673.33984375
2024-06-11,9761.876749510357,9806.64231088078,9606.689470092888,9618.626953125
2024-06-12,9663.391910845872,9775.803202376199,9601.714919032773,9652.44921875
2024-06-13,9878.266695501177,10047.381029663835,9721.08984375,9721.08984375
2024-06-14,9730.042790648205,10166.755681466584,9713.131357518565,10047.380859375
2024-06-15,,,,
2024-06-16,,,,
2024-06-17,9940.938017520226,10146.859579576334,9773.813271503674,10067.2763671875
2024-06-18,10231.416419753086,10315.973580246913,9932.979382716048,10072.25
2024-06-19,10291.10431263371,10495.036297562652,10092.146278556693,10171.7294921875
2024-06-20,10146.859715505632,10266.23453568805,10062.302551209752,10156.8076171875
2024-06-21,10107.068617908788,10315.97456375139,9774.808684997219,9837.48046875
2024-06-22,,,,
2024-06-23,,,,
2024-06-24,9743.969665349827,9992.667206578766,9690.250996444376,9919.052734375
2024-06-25,9699.204059308337,9909.104783053368,9591.766722035998,9886.224609375
2024-06-26,10112.04155832095,10121.989459509658,9931.98454680535,10042.40625
2024-06-27,10007.588980405155,10112.041946900437,9962.823423335749,10082.1982421875
2024-06-28,10226.443195831329,10435.349136602203,10176.703686123978,10335.8701171875
2024-06-29,,,,
2024-06-30,,,,
2024-07-01,10405.504951139339,10574.61927634906,10365.71334520764,10450.2705078125
2024-07-02,10375.661314240226,10514.93193590788,10266.23439721564,10495.0361328125
2024-07-03,10549.750468439835,10674.099248124416,10430.375639942638,10649.2294921875
2024-07-04,10858.134848096097,11131.7021484375,10544.775940432306,11131.7021484375
2024-07-05,11101.858170935413,11256.050645531737,11022.274958240536,11166.51953125
2024-07-06,,,,
2024-07-07,,,,
2024-07-08,11335.633926838398,11549.513812250443,11206.311205426464,11211.28515625
2024-07-09,11355.529768921835,11748.471885323423,11265.99865379236,11668.888671875
2024-07-10,11599.253179505815,11818.107013081397,11539.565770348838,11763.3935546875
2024-07-11,11987.22214257157,12116.544871080643,11748.47248993944,11857.8994140625
2024-07-12,11723.602958568727,11778.316421676174,11325.686863241828,11335.634765625
2024-07-13,,,,
2024-07-14,,,,
2024-07-15,,,,
2024-07-16,11474.905442252462,11584.332368879925,11350.556661993984,11365.478515625
2024-07-17,11445.060959191826,11519.670222289555,11196.363415532724,11285.89453125
2024-07-18,10594.515625,10793.473664906103,10569.645870011736,10594.515625
2024-07-19,10574.619942502675,10644.255257269862,10400.531655584711,10455.2451171875
2024-07-20,,,,
2024-07-21,,,,
2024-07-22,10485.088482142857,10569.64564732143,10385.609464285715,10445.296875
2024-07-23,10549.749661307804,10569.645464535164,10211.52100644268,10325.921875
2024-07-24,10320.94785619255,10440.322674770197,10206.54698838897,10281.15625
2024-07-25,9748.943685764816,9780.776971269353,9314.220380593466,9316.2099609375
2024-07-26,9253.53921088981,9378.882786526461,9079.450911394464,9126.2060546875
2024-07-27,,,,
2024-07-28,,,,
2024-07-29,9261.496528170961,9494.27742909384,9206.783068552335,9334.1162109375
2024-07-30,9152.070446966438,9266.471327553518,9085.419499146137,9247.5703125
2024-07-31,8944.15845829752,9149.085234230039,8837.71590963354,9114.267578125
2024-08-01,8754.154277469315,8759.128228763333,8460.691151122333,8510.4306640625
2024-08-02,7955.33721287722,8055.811022868542,7735.488579133833,7827.00927734375
2024-08-03,,,,
2024-08-04,,,,
2024-08-05,7207.25493850708,7361.447418212891,6334.823940429687,6366.6572265625
2024-08-06,6963.53134095702,7229.140322104952,6769.547253601789,7134.63525390625
2024-08-07,6875.9894121155885,7728.524557686054,6854.104029148785,7504.69677734375
2024-08-08,7606.165902918755,7649.936671912794,7080.9166749902815,7197.30712890625
2024-08-09,7510.665747160401,7901.618282078816,7458.936658570687,7548.4677734375
2024-08-10,,,,
2024-08-11,,,,
2024-08-12,,,,
2024-08-13,7669.832281154798,7908.581924147943,7621.087562377031,7836.95703125
2024-08-14,7986.175597733263,8152.305558473355,7883.712208773805,7972.24853515625
2024-08-15,8012.040074608563,8254.768877464845,7994.133851447034,8144.34716796875
2024-08-16,8505.456563193417,8632.789714080991,8279.639178416235,8405.9775390625
2024-08-17,,,,
2024-08-18,,,,
2024-08-19,8304.508354418429,8620.851629059669,8212.987658610273,8231.888671875
2024-08-20,8455.716188584662,8554.200412428178,8338.33095208431,8483.5703125
2024-08-21,8386.081202047793,8538.28409930916,8347.284385098817,8484.5654296875
2024-08-22,8403.98791567696,8502.472149063798,8274.665184966969,8376.1337890625
2024-08-23,8381.106846124912,8476.606698614882,8257.752869992035,8429.8515625
2024-08-24,,,,
2024-08-25,,,,
2024-08-26,8455.717136548914,8480.58689283288,8347.284999150816,8465.6650390625
2024-08-27,8381.10726877616,8602.945478976408,8364.195835711567,8496.5029296875
2024-08-28,8493.51892717383,8531.320955662073,8261.732805127509,8301.5244140625
2024-08-29,8168.22206905358,8204.034515099851,8090.6284359533265,8102.56591796875
2024-08-30,8227.910022749666,8375.13897733399,8217.962120412887,8361.2119140625
2024-08-31,,,,
2024-09-01,,,,
2024-09-02,8495.508049703012,8559.174620567297,8346.289524239844,8436.8154296875
2024-09-03,8470.6382229087,8510.429829358065,8389.0654296875,8389.0654296875
2024-09-04,7921.514715081207,7976.228178515776,7669.832783282193,7740.462890625
2024-09-05,7676.7956055060895,7867.79531475284,7652.920641850246,7805.12353515625
2024-09-06,7857.847699452882,7890.675775675435,7587.264768163961,7667.8427734375
2024-09-07,,,,
2024-09-08,,,,
2024-09-09,7371.395431256704,7656.9002205644865,7358.463158570288,7651.92626953125
2024-09-10,7802.13916015625,7837.951605619162,7674.80602073256,7802.13916015625
2024-09-11,7799.154674403098,7910.5711697517145,7726.5349943990905,7832.9775390625
2024-09-12,8254.769174172794,8502.471936810662,8229.899418887868,8455.716796875
2024-09-13,8490.534679264852,8499.487791404674,8307.493275517374,8385.0869140625
2024-09-14,,,,
2024-09-15,,,,
2024-09-16,,,,
2024-09-17,8295.555411911384,8327.388698058545,8011.045416971145,8125.4462890625
2024-09-18,8208.013752719029,8248.800149987417,8094.607672509361,8153.30029296875
2024-09-19,8302.519290275506,8418.909747615817,8232.883973918055,8361.2119140625
2024-09-20,8521.37304254131,8566.138602535982,8456.711678104562,8518.388671875
2024-09-21,,,,
2024-09-22,,,,
2024-09-23,,,,
2024-09-24,8694.46637770502,8784.992286214305,8611.898790822925,8630.7998046875
2024-09-25,8632.789516598134,8674.570705777336,8497.498046875,8497.498046875
2024-09-26,8646.715802301225,8863.58005044914,8619.856468815016,8845.673828125
2024-09-27,8915.482101616628,9068.0625,8804.78651847575,9068.0625
2024-09-28,,,,
2024-09-29,,,,
2024-09-30,8607.330195284687,8689.105317056596,8367.988375464467,8403.8896484375
2024-10-01,8556.469190026779,8687.109920084298,8541.510327806453,8658.189453125
2024-10-02,8461.730200644652,8584.39287768405,8424.831671779142,8452.7548828125
2024-10-03,8724.008824164746,8803.789426123272,8621.291299143146,8656.1953125
2024-10-04,8720.01960744948,8730.989439984012,8533.532454362443,8537.521484375
2024-10-05,,,,
2024-10-06,,,,
2024-10-07,8836.699457949186,8897.532170615352,8720.020320540309,8721.017578125
2024-10-08,8609.324188022592,8633.258368552251,8476.688937587402,8557.466796875
2024-10-09,8673.148624704427,8711.04441034761,8618.299461273502,8672.1513671875
2024-10-10,8797.8056851254,9016.205078125,8777.860535079775,9016.205078125
2024-10-11,9124.906820842989,9124.906820842989,8905.510154112339,8929.4443359375
2024-10-12,,,,
2024-10-13,,,,
2024-10-14,,,,
2024-10-15,9228.621659269404,9543.755055025738,9227.624401687895,9444.029296875
2024-10-16,8995.262516408484,9141.859366731327,8962.353019397233,9069.0595703125
2024-10-17,9112.939190783933,9213.662200005772,9001.246348874565,9176.763671875
2024-10-18,9152.829454123403,9167.78831681809,9005.235342202477,9052.1064453125
2024-10-19,,,,
2024-10-20,,,,
2024-10-21,9092.993888119185,9160.807398142446,9037.147468100027,9109.947265625
2024-10-22,9025.180567641308,9087.01053396106,8862.627591671637,8989.279296875
2024-10-23,8981.300870533225,9042.133576851516,8909.498331928029,8944.40234375
2024-10-24,8645.225989136075,8843.68024820149,8581.401503808505,8767.888671875
2024-10-25,8696.085991958062,8757.915961166938,8637.247795452842,8727.0009765625
2024-10-26,,,,
2024-10-27,,,,
2024-10-28,8780.852435325092,9024.183269421552,8766.89083009005,8984.29296875
2024-10-29,9061.082356068675,9248.56678078152,9027.17559840784,9246.572265625
2024-10-30,9473.947025552106,9573.672783715812,9428.0731767968,9516.8291015625
2024-10-31,9460.982315458683,9523.809540701002,9381.20171197637,9471.9521484375
2024-11-01,9058.090644805785,9062.079675145897,8907.504749466616,8939.4169921875
2024-11-02,,,,
2024-11-03,,,,
2024-11-04,,,,
2024-11-05,8885.56454940581,8991.273847075508,8883.570034355438,8921.4658203125
2024-11-06,8973.323218201755,9396.16040919059,8961.35612789075,9379.20703125
2024-11-07,9401.146778974531,9427.075474874959,9087.010655565497,9196.708984375
2024-11-08,9495.886254236497,9583.644917371637,9342.30859375,9342.30859375
2024-11-09,,,,
2024-11-10,,,,
2024-11-11,9426.078421879927,9583.645115770852,9377.212801622616,9486.9111328125
2024-11-12,9397.157894764156,9597.606662337921,9287.45956425115,9383.1962890625
2024-11-13,9682.373710706639,9815.00896701769,9078.03562556005,9111.9423828125
2024-11-14,9147.843020918735,9204.686698253563,8818.748046875,8818.748046875
2024-11-15,8872.600186335132,8970.33142363544,8815.756507497197,8895.537109375
2024-11-16,,,,
2024-11-17,,,,
2024-11-18,8794.81376123483,8822.736970818067,8614.310156428899,8710.046875
2024-11-19,8781.850181388922,8816.75419641829,8648.217666705055,8659.1875
2024-11-20,8700.075153972935,8788.83107885872,8600.3493956743,8622.2890625
2024-11-21,8622.288479303728,8638.244599552267,8400.897310855264,8526.5517578125
2024-11-22,8596.359880910786,8624.283091660844,8538.518944357093,8562.453125
2024-11-23,,,,
2024-11-24,,,,
2024-11-25,8686.112855365745,8942.408033761727,8680.129310344828,8849.6630859375
2024-11-26,8777.860303198144,8833.70672185062,8661.181178513505,8819.7451171875
2024-11-27,8765.893923847914,9035.153464170888,8732.984424475108,8956.3701171875
2024-11-28,8833.707584505899,9042.13441733066,8782.847448266364,9023.1865234375
2024-11-29,8985.290220255498,9060.084533964617,8886.56172615946,8911.4931640625
2024-11-30,,,,
2024-12-01,,,,
2024-12-02,8911.492919976701,8958.364021950616,8752.928979256436,8881.5751953125
2024-12-03,9025.18049863388,9227.623773907104,8978.309395491804,9124.90625
2024-12-04,9104.961384946342,9117.925733030055,8899.52633069673,8967.33984375
2024-12-05,9120.91756506981,9244.577501442942,9064.073884640226,9071.0546875
2024-12-06,9075.04354065953,9114.933841937154,8949.389091635014,9025.1806640625
2024-12-07,,,,
2024-12-08,,,,
2024-12-09,9187.733146308741,9292.445181515777,9163.798966832848,9204.6865234375
2024-12-10,9239.59104799095,9279.481349331441,9159.810445309971,9243.580078125
2024-12-11,9182.746931929747,9202.692081651576,9087.010213264972,9141.859375
2024-12-12,9336.32465832854,9418.099772832165,9303.4151610283,9318.3740234375
2024-12-13,9274.494572117188,9439.042056461203,9221.639925630929,9303.4150390625
2024-12-14,,,,
2024-12-15,,,,
2024-12-16,9404.138403607963,9438.045159251938,9312.390711865448,9395.1630859375
2024-12-17,9553.727272113576,9810.0224609375,9553.727272113576,9810.0224609375
2024-12-18,9679.381989140013,9679.381989140013,9395.163581257784,9408.1279296875
2024-12-19,9063.076246537395,9099.974774389715,8955.372435509002,9000.2490234375
2024-12-20,9045.125406901043,9048.11717936198,8735.9755859375,8735.9755859375
2024-12-21,,,,
2024-12-22,,,,
2024-12-23,8859.635773224178,8951.383464707364,8759.910021612019,8911.4931640625
2024-12-24,8863.625143674084,8886.562067425715,8760.907615568949,8784.841796875
2024-12-25,8889.55337717009,8919.471102244705,8826.726154513402,8896.5341796875
2024-12-26,8896.534144951936,9089.004842180468,8895.536887453343,9084.0185546875
2024-12-27,9142.856946995893,9242.582699035553,9129.892599230738,9228.62109375
2024-12-28,,,,
2024-12-29,,,,
2024-12-30,9234.604862717746,9248.566468341725,9140.862653528171,9159.810546875
2024-12-31,,,,
2025-01-01,,,,
2025-01-02,,,,
2025-01-03,,,,
2025-01-04,,,,
2025-01-05,,,,
2025-01-06,9273.497518934779,9403.140994304338,9186.73611618746,9208.67578125
2025-01-07,9484.916828329822,9601.59596500468,9315.38303999883,9319.3720703125
2025-01-08,9224.63261408201,9380.204796546526,9169.783447187467,9345.30078125
2025-01-09,9364.247745395742,9367.23951783836,9218.648153188311,9303.4150390625
2025-01-10,9314.385807530942,9367.240459329565,9203.690216028166,9225.6298828125
2025-01-11,,,,
2025-01-12,,,,
2025-01-13,,,,
2025-01-14,9105.958765361316,9128.895689203537,8884.567587405976,8982.298828125
2025-01-15,9055.098778087156,9086.013762902212,8941.411414573728,8976.3154296875
2025-01-16,9134.878856158986,9299.426346471893,9112.939190783933,9176.763671875
2025-01-17,9075.043783986095,9118.923116568007,8965.34545253132,9055.0986328125
2025-01-18,,,,
2025-01-19,,,,
2025-01-20,9222.637296408155,9256.544051174362,9156.81830186199,9245.57421875
2025-01-21,9320.368933865768,9323.360706474541,9116.92839646917,9222.6376953125
2025-01-22,9686.362202830982,10296.683799467712,9669.408825146627,10201.9443359375
2025-01-23,10700.573444219259,10860.134651216003,10401.39618110036,10725.5048828125
2025-01-24,10610.819661458334,10850.161458333334,10451.258463541668,10531.0390625
2025-01-25,,,,
2025-01-26,,,,
2025-01-27,10396.40980127392,10461.231541042054,9651.458422707818,9654.4501953125
2025-01-28,9224.632017074093,9315.382450971794,9006.232621210393,9150.8349609375
2025-01-29,9318.374468028514,9392.171526101514,9119.920217264636,9373.2236328125
2025-01-30,9263.525471278834,9342.308818488547,9175.76680603257,9273.498046875
2025-01-31,9404.138322383713,9423.086215079926,9255.546953344989,9385.1904296875
2025-02-01,,,,
2025-02-02,,,,
2025-02-03,9198.703814119513,9527.798811805924,9151.83270838842,9429.0703125
2025-02-04,9631.513180569225,9631.513180569225,9414.111040026246,9498.8779296875
2025-02-05,9573.672254678937,9688.356870229778,9547.743558989181,9644.4775390625
2025-02-06,9635.502016322573,9739.216796875,9595.611716110101,9739.216796875
2025-02-07,9668.411425892189,9693.34286329779,9544.751496360406,9656.4443359375
2025-02-08,,,,
2025-02-09,,,,
2025-02-10,9523.808935176654,9540.762312338748,9418.099642283594,9469.95703125
2025-02-11,,,,
2025-02-12,9467.963459361683,9844.926824396307,9465.96894420277,9828.970703125
2025-02-13,9573.672269570707,9575.666784626868,9319.371599910235,9477.935546875
2025-02-14,9603.590486009325,9703.316243911811,9544.75228884686,9610.5712890625
2025-02-15,,,,
2025-02-16,,,,
2025-02-17,9573.672368957781,9801.047087720528,9503.864341267463,9779.107421875
2025-02-18,9757.16743873234,9898.778004584752,9668.411520698082,9812.0166015625
2025-02-19,9723.26053092947,9723.26053092947,9533.78160776264,9625.529296875
2025-02-20,9516.82874879725,9531.787611967318,9405.135903794077,9425.0810546875
2025-02-21,9266.516810603036,9443.03139040036,9266.516810603036,9364.248046875
2025-02-22,,,,
2025-02-23,,,,
2025-02-24,,,,
2025-02-25,8975.318091529029,9094.988999416082,8863.625244167779,8966.3427734375
2025-02-26,8785.838673618462,8821.739944021445,8657.192454674447,8714.0361328125
2025-02-27,8795.811817470623,8839.691150800409,8706.058635659698,8783.8447265625
2025-02-28,8436.798681044513,8445.773998790304,8194.465101908127,8250.3115234375
2025-03-01,,,,
2025-03-02,,,,
2025-03-03,8357.018150228841,8366.99072558711,8183.495338994973,8307.1552734375
2025-03-04,7878.334341659969,7931.188989774903,7787.5839081041395,7910.24658203125
2025-03-05,7987.035449572886,8125.654244365074,7935.178058715377,7975.068359375
2025-03-06,8034.904069197315,8193.468019427224,8009.9726304819205,8163.55029296875
2025-03-07,7864.372711776413,7979.0573252502,7845.424819115526,7931.18896484375
2025-03-08,,,,
2025-03-09,,,,
2025-03-10,7971.079407895883,8093.742083633553,7961.106832632659,8044.87646484375
2025-03-11,7688.855584518404,7823.4853515625,7637.995450301744,7823.4853515625
2025-03-12,7818.498837312042,7847.419304950059,7728.745661883715,7759.66064453125
2025-03-13,7909.249561957074,7985.041135114146,7733.73223464596,7734.7294921875
2025-03-14,7585.141014702774,7862.378616870454,7585.141014702774,7814.51025390625
2025-03-15,,,,
2025-03-16,,,,
2025-03-17,7958.1149332916875,8032.909246574504,7940.164298103811,7957.11767578125
2025-03-18,8082.772495149069,8110.69570673009,7928.1975738969895,7942.1591796875
2025-03-19,7862.378183491178,7897.282196228645,7785.58935546875,7785.58935546875
2025-03-20,,,,
2025-03-21,7879.331727730449,8017.950524104899,7878.334470202575,7938.169921875
2025-03-22,,,,
2025-03-23,,,,
2025-03-24,8027.923273560419,8202.443344724776,8021.939728263355,8176.5146484375
2025-03-25,8307.15487477036,8360.009521632644,8165.544311478957,8210.4208984375
2025-03-26,8327.10077320263,8414.859440033986,8219.39695481869,8326.103515625
2025-03-27,8022.936923460484,8070.805285464971,7938.170032410871,8000.0
2025-03-28,7850.0,7925.0,7841.0,7920.0
2025-03-29,,,,
2025-03-30,,,,
2025-03-31,7656.0,7663.0,7448.0,7479.0
2025-04-01,7500.0,7563.0,7456.0,7493.0
2025-04-02,7500.0,7528.0,7295.0,7465.0
2025-04-03,6865.0,7243.0,6860.0,7172.0
2025-04-04,6968.0,7031.0,6511.0,6656.0
2025-04-05,,,,
2025-04-06,,,,
2025-04-07,5810.0,6030.0,5730.0,5835.0
2025-04-08,6435.0,6563.0,6387.0,6542.0
2025-04-09,6250.0,6252.0,5940.0,6070.0
2025-04-10,6970.0,6977.0,6687.0,6770.0
2025-04-11,6329.0,6735.0,6326.0,6711.0
2025-04-12,,,,
2025-04-13,,,,
2025-04-14,6802.0,6964.0,6800.0,6864.0
2025-04-15,6946.0,6969.0,6875.0,6913.0
2025-04-16,6846.0,6885.0,6695.0,6738.0
2025-04-17,6734.0,6850.0,6702.0,6813.0
2025-04-18,6870.0,6909.0,6749.0,6810.0
2025-04-19,,,,
2025-04-20,,,,
2025-04-21,6790.0,6794.0,6632.0,6651.0
2025-04-22,6618.0,6705.0,6587.0,6659.0
2025-04-23,6909.0,6922.0,6778.0,6803.0
2025-04-24,6959.0,7070.0,6953.0,7020.0
2025-04-25,7229.0,7238.0,7145.0,7223.0
2025-04-26,,,,
2025-04-27,,,,
2025-04-28,7267.0,7280.0,7170.0,7170.0
2025-04-29,,,,
2025-04-30,7177.0,7233.0,7119.0,7164.0
2025-05-01,7194.0,7392.0,7177.0,7315.0
2025-05-02,7389.0,7456.0,7331.0,7405.0
2025-05-03,,,,
2025-05-04,,,,
2025-05-05,,,,
2025-05-06,,,,
2025-05-07,7450.0,7487.0,7386.0,7415.0
